No.,Item,Description,Date,"Transaction
Type",Quantity,Unit,Assigned,Assign history,Status,S/N,Remark
1,Ram 4Gb,,16/02/2024,in,4.0,pcs,Stock IT,,,,
2,Ram 4Gb,upgrade linh.lengocmy's laptop,16/02/2024,out,1.0,pcs,linh.lengocmy,,,,"Broken: can't fix
None-use: Don't use anymore and don't the status of device"
3,Maken MK410,,22/02/2024,In,8.0,pcs,Stock IT,,,"MK410221102420
MK410220300197
MK410211201000
MK410211201512
MK410220300423
MK410221102371
MK410221102347
MK410220300326",
4,Antech,,22/02/2024,In,1.0,pcs,Stock IT,,,"DGAV141220180773
B5AT100009",
5,Poscom,,22/02/2024,In,2.0,pcs,Stock IT,,,2020092533,
6,KA410,,22/02/2024,In,1.0,pcs,Stock IT,,,20230526081,
7,Cash drawer of mall,Quỳnh AM đóng nhầm cash drawer của smart city,22/02/2024,In,1.0,pcs,Stock IT,,,200414009618,
8,Epson L850,Broken -Mr.Dat confirmed can't fix because don't have replacement components ,22/02/2024,In,1.0,pcs,Stock IT,,Broken,UTUY000488,
9,HP Laserjet P2055D,Broken -Mr.Dat confirmed can't fix because don't have replacement components ,22/02/2024,In,1.0,pcs,Stock IT,,Broken,CNCJY00421,
10,Epson TM-U220A,"Lose power supply, usb cable - Indo not use this model anymore (Mr.Dat confirmed)",22/02/2024,In,3.0,pcs,Stock IT,,Broken,"L98F275060
L97F002416
L9CF300124",
11,Canon L11121E,Old,22/02/2024,In,1.0,pcs,Stock IT,VN14,,NMYA744682,
12,Canon LBP 2900,"New, lô hàng satatech",22/02/2024,In,1.0,pcs,Stock IT,,,NMYA783808,
13,HP Laserjet pro M15w,Old,22/02/2024,In,1.0,pcs,Stock IT,VF02,,VNC3K04690,
14,HP Laserjet pro M15w,Old,22/02/2024,In,1.0,pcs,Stock IT,PO02,,VNC3K04070,
15,HP Laserjet pro M15w,Old,22/02/2024,In,1.0,pcs,Stock IT,VC01,,VNC3K05078,
16,HP Laserjet pro M12w,Old,22/02/2024,In,1.0,pcs,Stock IT,ZV09-12,,VNCW613481,
17,Antech,Old,22/02/2024,In,1.0,pcs,Stock IT,VF02,,DGAV141220180609,
18,HP Pavilion 550-029I,Old,22/02/2024,In,1.0,pcs,Location: Pantry room,Un-known,None-use,4CE5360DVB,
19,PC-none use,Don't know information - don't have any info on the case,22/02/2024,In,4.0,pcs,Location: Pantry room,Un-known,None-use,,
20,HDD 500Gb,Old,22/02/2024,In,1.0,pcs,Stock IT,PO01-Admin,None-use,W62LE31F,
21,HDD 500Gb,Old,22/02/2024,In,1.0,pcs,Stock IT,PO01-Pos2,None-use,W62KW2KT,
22,HDD 500Gb,Old,22/02/2024,In,1.0,pcs,Stock IT,PO02-Pos1,None-use,W62L7N1A,
23,HDD 500Gb,Old,22/02/2024,In,1.0,pcs,Stock IT,PO01-Server,None-use,W62LFH4H,
24,HDD 500Gb,Old,22/02/2024,In,1.0,pcs,Stock IT,PO01-POS,None-use,W62KWFS9,
25,HDD 500Gb,Old,22/02/2024,In,1.0,pcs,Stock IT,PO02-Pos2,None-use,W62LFM8W,
26,HDD 500Gb,Old,22/02/2024,In,1.0,pcs,Stock IT,PO02-Server,None-use,W62L7N7S,
27,HP ProDesk 400 G3 DM,Bazzar,26/02/2024,In,1.0,pcs,ZK05-ZW05-ZV05,,,8CG7127F7Q,
28,HP ProDesk 400 G3 DM,Bazzar,26/02/2024,In,1.0,pcs,ZV01-H103-H104,,,8CG8105MSK,
29,HP ProDesk 400 G3 DM,Bazzar,26/02/2024,In,1.0,pcs,H101-H102,,,8CG75234Q2,
30,HP 280 G3 MT ,none-info,26/02/2024,In,1.0,pcs,None-info,,,4CE7385WT0,
31,HP 190V,,26/02/2024,In,1.0,pcs,ZK05-ZW05-ZV05-ZV01-H103-H104-H101-H102,,,1CR8420G66,
32,HP 190V,,26/02/2024,In,1.0,pcs,VN17,,,1CR82307D4,
33,HP 190V,,26/02/2024,In,1.0,pcs,VF02,,,1CR84126GF,
34,HP 194V,IT-BACKUP,26/02/2024,In,1.0,pcs,,,,3CQ6361YDZ,
35,HP 190V,Mất đế ,26/02/2024,In,1.0,pcs,PO01,,,1CR82307CY,
36,HP 190V,Mất đế ,26/02/2024,In,1.0,pcs,PO01,,,1CR82307CJ,
37,AOC 1619Sw,Old,26/02/2024,In,1.0,pcs,,,,BMNB3JA000570,
38,AOC 931Swl,Old,26/02/2024,In,1.0,pcs,,,,CLCBCHA033328,
39,Samsung B1930N,Old,26/02/2024,In,1.0,pcs,,,,1458HYTZ912979F,
40,Acer P196HQL,Old,26/02/2024,In,1.0,pcs,,,,MMLNNSS002238003D34301,
41,AOC 931Swl,Old,26/02/2024,In,1.0,pcs,,,,CLCBAHA018980,
42,D-LINK DIR-619L,,26/02/2024,In,1.0,pcs,,,,RZPK2G2000820,
43,Lion (3 Port),,26/02/2024,In,1.0,pcs,,,,,
44,Power socket,,26/02/2024,In,2.0,pcs,,,,,
45,Cable extend usb,IT Tool,26/02/2024,In,1.0,pcs,,,,,
46,Comscope Cat5e,,26/02/2024,In,2.0,Box,,,,,
47,Keyboard,,26/02/2024,In,17.0,Pcs,,,,,
48,Mouse,,26/02/2024,In,16.0,Pcs,,,,,
49,Aruba APIN0303,FPT tặng khi kéo line internet dành cho mạng wifi guest,26/02/2024,In,1.0,Pcs,,,,CNNZK9T2C8,
50,Ruckus R720,Set up cho office cũ,26/02/2024,In,1.0,Pcs,,,,312172007180,
51,Ruckus R720,Set up cho office cũ,26/02/2024,In,1.0,Pcs,,,,361803002766,
52,Avaya,,26/02/2024,In,3.0,Pcs,,,,"19WZ29300DJW
19WZ29300DHK
19WZ29300D37",
53,HDMI to HDMI (3M),IT Tool,26/02/2024,In,1.0,Pcs,,,,,
54,TPink TL-WN725N,IT Tool,26/02/2024,In,1.0,Pcs,,,,222B4M9005853,
55,Mercusys,IT Tool,26/02/2024,In,1.0,Pcs,,,,22253D9009592,
56,Mercusys,IT Tool,26/02/2024,In,1.0,Pcs,,,,22253D8008268,
57,Mercusys,IT Tool,26/02/2024,In,1.0,Pcs,,,,22253D9009871,
58,Ugreen 4 port,IT Tool,26/02/2024,In,1.0,Pcs,,,,SN2100201238804,
59,VGA to HDMI,IT Tool,26/02/2024,In,1.0,Pcs,,,,,
60,HDMI to HDMI (2M),IT Tool,26/02/2024,In,1.0,Pcs,,,,,
61,HDMI to HDMI (1M) - Baseus,IT Tool,26/02/2024,In,1.0,Pcs,,,,,
62,Lexar-32Gb,IT Tool,26/02/2024,In,3.0,Pcs,,,,,
63,Mercusys,IT Tool,26/02/2024,In,1.0,Pcs,,,,22172W5002268,
64,Usb to Lan - Orico,IT Tool,26/02/2024,In,1.0,Pcs,,,,,
65,Hub Usb Orico 4 Port,IT Tool,26/02/2024,In,1.0,Pcs,,,,,
66,HDMI to HDMI - Unitek ,IT Tool,26/02/2024,In,1.0,Pcs,,,,,
67,Usb to Lan - Ugreen,IT Tool,26/02/2024,In,1.0,Pcs,,,,,
68,Display port to Display Port,IT Tool,26/02/2024,In,1.0,Pcs,,,,,
69,HDMI to HDMI - Unitek ,IT Tool,26/02/2024,In,1.0,Pcs,,,,,
70,Dlink -  DSL 2640B,IT Tool,26/02/2024,In,1.0,Pcs,,,,,
71,Usb to Lan - Baseus,IT Tool,26/02/2024,In,1.0,Pcs,,,,,
72,Hub Usb Unitek - 4 Port,IT Tool,26/02/2024,In,4.0,Pcs,,,,,
73,Unitek - HDMI to VGA,IT Tool,26/02/2024,In,1.0,Pcs,,,,,
74,Epson Usb wifi,IT Tool,27/02/2024,In,1.0,Pcs,,,,,
75,Usb To Lan - Asus,IT Tool,27/02/2024,In,1.0,Pcs,,,,,
76,Epson TM-82II,Use for ZV08,27/02/2024,In,1.0,Pcs,,ZV08,,TCEY002724,
77,Epson TM-82II,IT Backup,27/02/2024,In,1.0,Pcs,,,,TCEY004688,
78,Epson TM-82II,IT Backup,27/02/2024,In,1.0,Pcs,,VF02,,TCCY011123,
79,Epson TM-82II,IT Backup,27/02/2024,In,1.0,Pcs,,PO02,,TCCY011122,
80,Laptop Thinkpad X280,IT Backup,27/02/2024,In,1.0,Pcs,,Ko Ni (Hr),,PC0VT5RC,
81,Laptop Dell Latitude 3520,IT Backup,27/02/2024,In,1.0,Pcs,,thy.nguyenhoanganh,,5R4JGL3,
82,Laptop Dell Latitude 3520,IT Backup,27/02/2024,In,1.0,Pcs,,khang.leminh,,DP8VKG3,
83,Laptop Dell Latitude 3520,IT Backup,27/02/2024,In,1.0,Pcs,,khoa.trandanganh (Coe),,6S4JGL3,
84,Laptop Dell Latitude 3520,"Laptop trước là của Phan Bảo Hoàng làm rớt bể không xài được nữa, không có nguồn, mất 1 ram. Anh Đạt nói lúc đó chưa có quy trình bảo hành hay đền gì hết chỉ cấp máy mới cho Hoang nên cần phải check lại với team HR.",27/02/2024,In,1.0,Pcs,,,Broken,4R4JGL3,
85,Laptop Dell Latitude 5430,IT Backup,27/02/2024,In,1.0,Pcs,,quynh.nguyennhu (Bata),,4084RV3,
86,Laptop Dell Latitude 5430,Maintanance,27/02/2024,In,1.0,Pcs,,chi.tranvukim,,F083SQ3,
87,Laptop HP 14s-cf2xxx,IT Backup,27/02/2024,In,1.0,Pcs,,VI02,,5CG11088PT,
88,HP 4-1011TU,Máy cũ cấp cho anh Thắng COE từ rất lâu,27/02/2024,In,1.0,Pcs,,thang.nguyenquyet,Broken,CND218PWRZ,
89,HP Elitebook 840 G4,không biết mãy này trước của ai,27/02/2024,In,1.0,Pcs,,Un-known,Broken,CG7325LVQ,
90,HP Probook 440 G2,,27/02/2024,In,1.0,Pcs,,VI04-VN19,,,
91,Dell Vostro 14-5480,,27/02/2024,In,1.0,Pcs,,Un-known,Broken,,
92,Laptop Dell Latitude 5430,Maintanance,27/02/2024,In,1.0,Pcs,minh.lengocbao,giang.nguyenthiquynh,,GB23SQ3,
93,Laptop Dell Latitude 3520,Resigned-tram.phanthibao (MKT,29/02/2024,in,1.0,pcs,,tram.phanthibao,,1P8VKG3,
94,Brother Label,,29/02/2024,in,5.0,pcs,,,,,
95,Laptop Dell Latitude 3520,IT backup-Lô hàng Cambodia ,29/02/2024,in,1.0,pcs,,,,,
96,Laptop Dell Latitude 3520,,29/02/2024,in,1.0,pcs,,hieu.nguyenvutrung,,6XSSKS3,
97,Ổ SSD 256 Gb,Ổ cứng cũ của anh Sơn PD ,29/02/2024,in,1.0,pcs,,,still use,2109CY452920,
98,Ổ HDD,Bad,29/02/2024,in,1.0,pcs,,,Broken,,
99,Ổ HDD,POS PO01 - old,29/02/2024,in,1.0,pcs,,PO01,still use,,
100,Ổ HDD,Server PO01 -old,29/02/2024,in,1.0,pcs,,PO01,still use,,
101,Ổ HDD,Server PO02-old,29/02/2024,in,1.0,pcs,,PO02,Broken,,
102,Ổ SSD 500 Gb,Samsung Evo-new (chuẩn bị cho máy VC03 cũ),29/02/2024,in,1.0,pcs,,,New,S7BWNJ0W740274R,
103,Ổ SSD 500 Gb,Samsung Evo-new (chuẩn bị cho máy VF02 cũ),29/02/2024,in,1.0,pcs,,,New,S7BWNJ0W745997E,
104,Ổ SSD 500 Gb,Samsung Evo-new (chuẩn bị cho máy VC03 cũ),29/02/2024,out,1.0,pcs,,,,S7BWNJ0W740274R,
105,Ổ SSD 500 Gb,Samsung Evo-new (chuẩn bị cho máy VF02 cũ),29/02/2024,out,1.0,pcs,,,,S7BWNJ0W745997E,
106,Ổ HDD,PO02-Pos1,29/02/2024,in,1.0,pcs,,PO02,still use,W62L7N1A,
107,Ổ HDD,Admin-PO01,29/02/2024,in,1.0,pcs,,PO01,Still use,W62LE31F,
108,Ổ HDD,POS02-PO01,29/02/2024,in,1.0,pcs,,PO02,Still use,W62KW2KT,
109,Ổ HDD,POS02-PO02,29/02/2024,in,1.0,pcs,,PO02,Still use,W62LFM8W,
110,Avaya,Old ,29/02/2024,in,4.0,pcs,,Un-known,,,
111,Play MC500,Old,29/02/2024,in,1.0,pcs,,,Broken,,
112,TP-Link TL-SG116,IT Backup ,29/02/2024,in,1.0,pcs,,,Still use,22064V6001872,
113,D-Link DES-1016D,IT Backup ,29/02/2024,in,1.0,pcs,,VF02,Still use,F3065C9005771,
114,D-Link DES-1016D,IT Backup ,29/02/2024,in,1.0,pcs,,PO02,Still use,QXHR1I4000091,
115,D-Link DES-1016D,IT Backup ,29/02/2024,in,1.0,pcs,,Unknow,Still use,S31U4I3002273,
116,D-Link DES-1026G,IT Backup ,29/02/2024,in,1.0,pcs,,Unknow,Still use,F38I5AB000135,
117,Aruba HPE J9772A,IT Backup ,29/02/2024,in,1.0,pcs,,,Still use,CN7AFP3302,
118,Draytek Vigor 300B,IT Backup ,29/02/2024,in,1.0,pcs,,,Still use,188003671910,
119,HP 190V,Cần sửa chữa,29/02/2024,in,1.0,pcs,,,Broken,1CR8420G4K,
120,HP 190V,Cần sửa chữa,29/02/2024,in,1.0,pcs,,,Broken,1CR8420G4Y,
121,Lenovo tab M8,IT backup ,2024-04-03 00:00:00,in,1.0,pcs,,,New,HA1JYB4Z,
122,Lenovo tab M8,IT backup ,2024-04-03 00:00:00,in,1.0,pcs,,,New,HA1JZLX1,
123,Lenovo tab M8,IT backup ,2024-04-03 00:00:00,in,1.0,pcs,,,New,HA1JZCBD,
124,Lenovo tab M8,IT backup ,2024-04-03 00:00:00,in,1.0,pcs,,,New,HA1JZYJG,
125,Lenovo thunderbox 3 dock,IT backup-Anh Đạt đang kím lại adapter,2024-04-03 00:00:00,in,1.0,pcs,,,Still use,1S40ACZBK0AQ29,
126,Lenovo thunderbox 3 dock,IT backup ,2024-04-03 00:00:00,in,1.0,pcs,,,Still use,hiden,
127,HDMI Switch,IT backup ,2024-04-03 00:00:00,in,1.0,pcs,,,Still use,HDMI0900058,
128,KVM Switch,IT backup ,2024-04-03 00:00:00,in,1.0,pcs,,,Still use,F3I3-047-0524,
129,Asus Dvd Record,Nên thanh lý,2024-04-03 00:00:00,in,1.0,pcs,,,"
liquidation",88D0BF873866,
130,Kensington-Combination Lock,IT Backup-Khóa laptop,2024-04-03 00:00:00,in,7.0,pcs,,,Still use,,
131,Fortigate-80E,IT Backup,2024-04-03 00:00:00,in,1.0,pcs,,DSV,Still use,FGT80ETK18006242,
132,Fortigate-60E,IT Backup,2024-04-03 00:00:00,in,1.0,pcs,,unknown,Still use,FGT60ETK1809A9MK,
133,Fortigate-60E,IT Backup,2024-04-03 00:00:00,in,1.0,pcs,,unknown,Still use,FGT60ETK18099JQS,
134,Fortigate-60E,IT Backup,2024-04-03 00:00:00,in,1.0,pcs,,unknown,Still use,FGT60ETK18050634,
135,Finger printer,IT Backup,2024-04-03 00:00:00,in,1.0,pcs,,PO02,Still use,6536180960135,
136,Finger printer,IT Backup,2024-04-03 00:00:00,in,1.0,pcs,,,New,6536180960159,
137,Finger printer,IT Backup,2024-04-03 00:00:00,in,1.0,pcs,,,New,6536180960060,
138,Pole Display LD220-HP,IT Backup,2024-04-03 00:00:00,in,1.0,pcs,,VF02,Still use,2TD819AAEJ,
139,Pole Display LD220-HP,IT Backup,2024-04-03 00:00:00,in,1.0,pcs,,PO02,Still use,2TD843AAAT,
140,Pole Display LD220-HP,IT Backup,2024-04-03 00:00:00,in,1.0,pcs,,PO01,Still use,2T819AAED,
141,Pole Display VFD,IT Backup,2024-04-03 00:00:00,in,1.0,pcs,,,New,211130000034,
142,Pole Display VFD,IT Backup,2024-04-03 00:00:00,in,1.0,pcs,,VN17,Still use,211130000024,
143,Pole Display LD220-HP,Anh Hiếu mượn làm script,2024-04-03 00:00:00,out,1.0,pcs,Anh Hiếu,,Still use,2TD819AAEJ,
144,Grandstream GAC2500,IT Backup,2024-04-03 00:00:00,in,1.0,pcs,,,Still use,20NFCHJG4090D7F4,
145,Samsung S22E310HY,IT backup-Không tìm thấy dây nguồn,2024-05-03 00:00:00,in,1.0,pcs,,Ms.Uyen,un-known,ZZENH4LG900983K,
146,D-Link DES-1016D,IT Backup,2024-05-03 00:00:00,in,1.0,pcs,,,Still use,F30637A004130,
147,HDMI to HDMI (3M),IT Backup,2024-05-03 00:00:00,in,1.0,pcs,,,Still use,,
148,Datalogic QW2100,IT Backup,2024-05-03 00:00:00,in,1.0,pcs,,,Still use,G21E85959,
149,Datalogic QW2100,IT Backup,2024-05-03 00:00:00,in,1.0,pcs,,,Still use,G17MA2903,
150,Datalogic QW2100,IT Backup,2024-05-03 00:00:00,in,1.0,pcs,,PO02,Still use,UN-KNOW,
151,Datalogic QW2100,IT Backup,2024-05-03 00:00:00,in,1.0,pcs,,,Still use,G21M82786,
152,Datalogic QW2100,Bị hư,2024-05-03 00:00:00,in,1.0,pcs,,vn19-VI04,Broken,,
153,Epson EB-X31,Máy chiếu-Error (Need to check),2024-05-03 00:00:00,in,1.0,pcs,,,Broken,WEAK5900199,
154,KVM Switch,4 Ports,2024-05-03 00:00:00,in,1.0,pcs,,,Still use,]C1Z3I5-028-0082,
155,HP-PC Kit,IT Backup,2024-05-03 00:00:00,in,3.0,pcs,,,Still use,,
156,Vesa-PC Kit,IT Backup,2024-05-03 00:00:00,in,1.0,pcs,,,new,,
157,Postek printer,O2O,2024-05-03 00:00:00,in,1.0,pcs,,,new,I1623H0001,
158,Postek printer,O2O,2024-05-03 00:00:00,in,1.0,pcs,,,new,I1623H0004,
159,Postek printer,O2O,2024-05-03 00:00:00,in,1.0,pcs,,,new,I1623H0005,
160,Postek printer,O2O,2024-05-03 00:00:00,in,1.0,pcs,,,new,I1622C0001,
161,Star-MCP31L BK EU,Radiant giao cho FL ,2024-05-03 00:00:00,in,1.0,pcs,,,new,2580022120601390,
162,Star-MCP31L BK EU,Radiant giao cho FL ,2024-05-03 00:00:00,in,1.0,pcs,,,new,2580022120601390,
163,Star-MCP31L BK EU,Radiant giao cho FL ,2024-05-03 00:00:00,in,1.0,pcs,,,new,2580022120601400,
164,Star-SM-L200-UB40,Radiant giao cho FL ,2024-05-03 00:00:00,in,1.0,pcs,,,new,2530022102301140,
165,Star-SM-L200-UB40,Radiant giao cho FL ,2024-05-03 00:00:00,in,1.0,pcs,,,new,2530022102301150,
166,Star-SM-T300I2-DB50,Radiant giao cho FL ,2024-05-03 00:00:00,in,1.0,pcs,,,new,2560023022000020,
167,Star-SM-T300I2-DB50,Radiant giao cho FL ,2024-05-03 00:00:00,in,1.0,pcs,,,new,2560023022000020,
168,Star-SM-T300I2-DB50,Radiant giao cho FL ,2024-05-03 00:00:00,in,1.0,pcs,,,new,2560023022000020,
169,HP 190V,,2024-06-03 00:00:00,in,1.0,pcs,,,still use,3CQ633116Z,
170,Aoc E960S,,2024-06-03 00:00:00,in,1.0,pcs,,,still use,AMWD19A002744,
171,LG L177WSB,,2024-06-03 00:00:00,in,1.0,pcs,,,still use,,
172,PDT-Symbol MC32N0,COE dùng để scan hàng,2024-06-03 00:00:00,in,1.0,pcs,,,still use,18189523022375,
173,PDT-Symbol MC32N0,COE dùng để scan hàng,2024-06-03 00:00:00,in,1.0,pcs,,,still use,18189523022450,
174,PDT-Symbol MC32N0,COE dùng để scan hàng,2024-06-03 00:00:00,in,1.0,pcs,,,still use,17335523023166,
175,HP Engage Go 10 Mobile System,Lô hàng FPT cho FL,2024-07-03 00:00:00,in,1.0,pcs,,,New,5CG3350NKD,
176,HP Engage Go 10 Mobile System,Lô hàng FPT cho FL,2024-07-03 00:00:00,in,1.0,pcs,,,New,5CG3350NKC,
177,HP Engage Go 10 Mobile System,Lô hàng FPT cho FL,2024-07-03 00:00:00,in,1.0,pcs,,,New,5CG3350NKB,
178,HP Engage 2 x 20 Pole Display,Lô hàng FPT cho FL,2024-07-03 00:00:00,in,1.0,pcs,,,New,2TD311NAFQ,
179,HP Engage 2 x 20 Pole Display,Lô hàng FPT cho FL,2024-07-03 00:00:00,in,1.0,pcs,,,New,2TD311NAFR,
180,HP Engage 2 x 20 Pole Display,Lô hàng FPT cho FL,2024-07-03 00:00:00,in,1.0,pcs,,,New,2TD311NAFS,
181,Tivi Samsung,Tivi cũ của chi Anna nhân sự gửi từ rất lâu,2024-07-03 00:00:00,in,1.0,pcs,,Store Babolap,Old,12763YHZ303249K,
182,Tivi Sam 2,Trước dùng cho phòng họp lớn-Sau khi kiểm kê cất lại kho HR,2024-07-03 00:00:00,in,1.0,pcs,,Lagre Meeting,Old,0732DA0011420,
183,Lenovo Thinkpad E490,IT Backup-Need repair,2024-07-03 00:00:00,in,1.0,pcs,,"KN10, Quỳnh AM",Old,PF1JT4Q6,
184,Power socket,Power socket for Server ,2024-07-03 00:00:00,in,4.0,pcs,,,Still use,,
185,Patch panel,IT Backup,2024-07-03 00:00:00,in,1.0,pcs,,PO02,Still use,,
186,Zebra-Dock PDT,IT Backup-dùng để giao bổ sung cho FL West-Lake,2024-07-03 00:00:00,in,1.0,pcs,,,New,S23069523701496,
187,Zebra-Dock PDT,IT Backup-dùng để giao bổ sung cho FL West-Lake,2024-07-03 00:00:00,in,1.0,pcs,,,New,S23069523701507,
188,Zebra-Dock PDT,IT Backup-dùng để giao bổ sung cho FL West-Lake,2024-07-03 00:00:00,in,1.0,pcs,,,New,S23069523701506,
189,Zebra-Dock PDT,IT Backup-dùng để giao bổ sung cho FL West-Lake,2024-07-03 00:00:00,in,1.0,pcs,,,New,S23069523701510,
190,HP ProDesk 400 G6 DM,IT Backup-prepare for new stores (Lo hang Cambodia),2024-07-03 00:00:00,in,1.0,pcs,,,New,8CC2231D5C,
191,Kensington-Combination Lock,IT Backup-prepare for new stores (Lo hang Cambodia),2024-07-03 00:00:00,in,1.0,pcs,,,New,LU-198,
192,Datalogic QW2100,IT Backup-prepare for new stores (Lo hang Cambodia),2024-07-03 00:00:00,in,1.0,pcs,,,New,G21NG2046,
193,HP-P204V,IT Backup-prepare for new stores (Lo hang Cambodia),2024-07-03 00:00:00,in,1.0,pcs,,,New,3CQ3240J7T,
194,Epson TM-82III,IT Backup-prepare for new stores (Lo hang Cambodia),2024-07-03 00:00:00,in,1.0,pcs,,,New,X7BA014973,
195,HP Laser 107A,IT Backup-prepare for new stores (Lo hang Cambodia),2024-07-03 00:00:00,in,1.0,pcs,,,New,CNB2Q9TRM8,
196,Cisco CBS110-16T-EU,IT Backup-prepare for new stores (Lo hang Cambodia),2024-07-03 00:00:00,in,1.0,pcs,,,New,PSZ27181AHK,
197,Unifi-UAP-nanoHD,IT Backup-prepare for new stores (Lo hang Cambodia),2024-07-03 00:00:00,in,1.0,pcs,,,New,AC8BA95436A9,
198,Zebra TC26BK,IT Backup-prepare for new stores (Lo hang Cambodia),2024-07-03 00:00:00,in,1.0,pcs,,,New,S23118523021439,
199,Hub Usb Orico 4 Port,IT Backup-prepare for new stores (Lo hang Cambodia),2024-07-03 00:00:00,in,1.0,pcs,,,New,RC230218178037,
200,Maken MK410,IT Backup-prepare for new stores (Lo hang Cambodia),2024-07-03 00:00:00,in,1.0,pcs,,,New,MK410221102176,
201,Pole Display VFD,IT Backup-prepare for new stores (Lo hang Cambodia),2024-07-03 00:00:00,in,1.0,pcs,,,New,D190928010054,
202,UBS APC BVX1200LI-MS,IT Backup-prepare for new stores (Lo hang Cambodia),2024-07-03 00:00:00,in,1.0,pcs,,,New,9B2229A23670,
203,HP ProDesk 400 G6 DM,IT Backup-prepare for new stores (Lo hang Cambodia),2024-07-03 00:00:00,in,1.0,pcs,,,New,8CC3161T0J,
204,HP-P204V,IT Backup-prepare for new stores (Lo hang Cambodia),2024-07-03 00:00:00,in,1.0,pcs,,,New,3CQ3240J5T,
205,Pole Display VFD,IT Backup-prepare for new stores (Lo hang Cambodia),2024-07-03 00:00:00,in,1.0,pcs,,,New,D190928010055,
206,Unifi-UAP-nanoHD,IT Backup-prepare for new stores (Lo hang Cambodia),2024-07-03 00:00:00,in,1.0,pcs,,,New,AC8BA9548380,
207,HP Laser 107A,IT Backup-prepare for new stores (Lo hang Cambodia),2024-07-03 00:00:00,in,1.0,pcs,,,New,CNB3Q9MLY6,
208, ,IT-Backup,2024-07-03 00:00:00,in,1.0,pcs,,,New,,
209,Hub Usb Orico 4 Port,IT Backup-prepare for new stores (Lo hang Cambodia),2024-07-03 00:00:00,in,1.0,pcs,,,New,124RE-2YCYRW,
210,Cisco CBS110-16T-EU,IT Backup-prepare for new stores (Lo hang Cambodia),2024-07-03 00:00:00,in,1.0,pcs,,,New,6CD6E3AD0A82,
211,Zebra TC26BK,IT Backup-prepare for new stores (Lo hang Cambodia),2024-07-03 00:00:00,in,1.0,pcs,,,New,S23118523021190,
212,Maken MK410,IT Backup-prepare for new stores (Lo hang Cambodia),2024-07-03 00:00:00,in,1.0,pcs,,,New,MK410221102399,
213,Datalogic QW2100,IT Backup-prepare for new stores (Lo hang Cambodia),2024-07-03 00:00:00,in,1.0,pcs,,,New,G21NE8123,
214,Kensington-Combination Lock,IT Backup-prepare for new stores (Lo hang Cambodia),2024-07-03 00:00:00,in,2.0,pcs,,,New,,
215,Finger printer,IT-Backup,2024-07-03 00:00:00,in,1.0,pcs,,,old,6536180960020,
216,Samsung S6 Lite,O2O tính set up cho VN13,2024-07-03 00:00:00,in,1.0,pcs,,,New,352294624027473,
217,Lenovo tab M8,,2024-07-03 00:00:00,in,1.0,pcs,,,,,
218,Lenovo tab M8,,2024-07-03 00:00:00,out,1.0,pcs,Quan IT,,,,
219,UPS SMC 1500,IT-Backup,2024-07-03 00:00:00,in,1.0,pcs,,,,,
220,UPS SMC 1500,IT-Backup,2024-07-03 00:00:00,in,1.0,pcs,,,,,
221,UPS SMC 1500,IT-Backup,2024-07-03 00:00:00,in,1.0,pcs,,,,,
222,PDT-Symbol MC32N0,Cấp cho anh Thắng COE,2024-08-03 00:00:00,Out,3.0,pcs,,,,"1.81895E+13
1.81895E+13
1.73355E+13",
223,HP ProDesk 400 G3 DM,IT Backup,2024-11-03 00:00:00,In,1.0,pcs,,PO02,Still use,8CG8105N1T,
224,HP ProDesk 400 G3 DM,IT Backup,2024-11-03 00:00:00,In,1.0,pcs,,VF02,Still use,8CG8052W2H,
225,Mouse,,2024-11-03 00:00:00,out,3.0,pcs,"Minh E-Com
Nam SCM
Thy Acc",,,,
226,HP ProDesk 400 G3 DM,IT Backup,2024-11-03 00:00:00,In,1.0,pcs,,VC01,,8CG8105MSQ,
227,HP ProDesk 400 G3 DM,IT Backup-SSD 500Gb + ram 8Gb,2024-11-03 00:00:00,In,1.0,pcs,,,,8CG75234Q1,
228,HP ProDesk 400 G3 DM,IT Backup - Đang sử dụng VE01,2024-11-03 00:00:00,In,1.0,pcs,,VN17,,8CG8052XG7,
229,HP ProDesk 400 G3 DM,IT Backup-SSD 500Gb + ram 12Gb,2024-11-03 00:00:00,In,1.0,pcs,,PO01,,8CG75234QP,
230,HP ProDesk 400 G3 DM,IT Backup-HDD + 8Gb,2024-11-03 00:00:00,In,1.0,pcs,,VC03,,8CG75206VW,
231,Barcode Printer-Zebra S4m,None-use,2024-11-03 00:00:00,In,1.0,pcs,,,None use,,
232,Epson TM-82III,IT-Backup,2024-11-03 00:00:00,In,1.0,pcs,,,New,X7BA014971,
233,Mouse,Anh Nam Log trả,2024-11-03 00:00:00,In,1.0,pcs,,,,,
234,Samsung portable SSD 500Gb,Ổ cứng rời-IT Backup,2024-12-03 00:00:00,In,1.0,pcs,,A.Dat ,Still use,S5TNNJ0RC00202P,
235,2.5 Inch Hard Drive Enclosure,Box đọc ổ cứng-It Backup,2024-12-03 00:00:00,In,1.0,pcs,,A.Dat ,Still use,,
236,Logitech-Wireless mouse,IT-Backup,2024-12-03 00:00:00,In,1.0,pcs,,A.Dat ,Still use,2202LZXJ36J8,
237,Logitech-Wireless mouse,IT-Backup,2024-12-03 00:00:00,out,1.0,pcs,Tú Trinh (Acc),,,2202LZXJ36J8,
238,Mouse,,2024-12-03 00:00:00,In,1.0,pcs,,Tú Trinh (Acc),,,
239,Mouse,Thy (Acc) & Minh (Ecom) trả ,2024-12-03 00:00:00,In,2.0,pcs,,,,,
240,HP 194V,IT-Backup,2024-12-03 00:00:00,In,1.0,pcs,,PO04-VN20,Still use,3CQ7490XG4,
241,Canon LBP 2900,IT-Backup,2024-12-03 00:00:00,In,1.0,pcs,,PO04-VN20,Still use,NMYA585779,
242,Keyboard,IT-Backup,2024-12-03 00:00:00,In,1.0,pcs,,PO04-VN20,Still use,,
243,Mouse,IT-Backup,2024-12-03 00:00:00,In,1.0,pcs,,PO04-VN20,Still use,,
244,HP-Display port to VGA,IT-Backup,2024-12-03 00:00:00,In,1.0,pcs,,PO04-VN20,Still use,3380795,
245,Datalogic QW2100,IT-Backup,2024-12-03 00:00:00,In,1.0,pcs,,PO04-VN20,Still use,G20L70055,
246,OptiPlex 3090 Micro,IT-Backup,2024-12-03 00:00:00,In,1.0,pcs,,PO04-VN20,Still use,DHC4LQ3,
247,Epson TM-82III,IT-Backup,2024-12-03 00:00:00,In,1.0,pcs,,PO04-VN20,Still use,X7B9022730,
248,HDMI to HDMI - Unitek ,Thay cho chị Uyên,13/3/2024,out,1.0,pcs,Chị Uyên,,,,
249,Unitek - HDMI to VGA,,13/3/2024,in,1.0,pcs,,,Still use,,
250,Mouse,,13/3/2024,out,1.0,pcs,Thy,,,,
251,Poscom,,13/3/2024,in,1.0,pcs,,PO04-VN20,Still use,B5AT100015,
252,Datalogic QW2100,IT-Backup,13/3/2024,in,1.0,pcs,,VN13,Still use,G21M82792,
253,HP Laser NEVERSTOP 1000W,IT-Backup,13/3/2024,in,1.0,pcs,,VN13,Still use,CNBRP8297B,
254,Pole Display VFD,IT-Backup,13/3/2024,in,1.0,pcs,,VN13,Still use,211130000039,
255,Epson TM-82III,IT-Backup,13/3/2024,in,1.0,pcs,,VN13,Still use,X7BA002787,
256,Keyboard,IT-Backup,13/3/2024,in,1.0,pcs,,VN13,Still use,,
257,Mouse,IT-Backup,13/3/2024,in,1.0,pcs,,VN13,Still use,,
258,HP ProDesk 400 G3 DM,IT-Backup,13/3/2024,in,1.0,pcs,,VN13,Still use,8CG8052W2J,
259,HP 190V,IT-Backup,13/3/2024,in,1.0,pcs,,VN13,Still use,1CR8371GSK,
260,Poscom,IT-Backup,13/3/2024,in,1.0,pcs,,VN13,Still use,20201130017,
261,Laptop Dell Latitude 5430,Cấp tạm cho chị Uyên,27/02/2024,out,1.0,Pcs,Chị Uyên,quynh.nguyennhu (Bata),,4084RV3,
262,HP ProDesk 400 G3 DM,,21/03/2024,out,1.0,pcs,Intern Accounting,,,8CG75234Q1,
263,Mouse,,21/03/2024,out,1.0,pcs,Intern Accounting,,,,
264,Keyboard,,21/03/2024,out,1.0,pcs,Intern Accounting,,,,
265,Unitek - HDMI to VGA,,21/03/2024,in,1.0,pcs,,,,,
266,Ram 4Gb,Upgragde for linh.thainhat's Laptop,21/03/2024,out,1.0,pcs,linh.thainhat,,,,
267,Laptop Dell Latitude 3520,AMMAVNCEC000022,25/03/2024,out,1.0,pcs,Tạ Quỳnh Trang (Coe),,,DP8VKG3,
268,Laptop Thinkpad X280,22VN00110047 (IT Backup),25/03/2024,in,1.0,pcs,,VE05,,PC0VSNXT,
269,Mouse,,25/03/2024,in,1.0,pcs,,,,,
270,Pole Display VFD,,25/03/2024,in,1.0,pcs,,VE05,,211130000049,
271,Hub Usb Unitek - 4 Port,,25/03/2024,in,1.0,pcs,,,,,
272,Datalogic QW2100,,25/03/2024,in,1.0,pcs,,VE05,,G21EB1582,
273,XPrinter XP-K300L,,25/03/2024,in,1.0,pcs,,VE05,,XPK300L-BM2105270026,
274,Usb to Lan - Ugreen,,25/03/2024,in,1.0,pcs,,,,,
275,Cash Drawer-Maxcode,,25/03/2024,in,1.0,pcs,,VE05,,M3302021060049,
276,Maken MK410,Preparing for Converse Vincom Thao Dien,25/03/2024,Out,1.0,pcs,VN15,,,MK410221102420,
277,D-Link DES-1016D,Preparing for Converse Vincom Thao Dien,25/03/2024,Out,1.0,pcs,VN15,PO02,,F30637A004130,
278,Pole Display LD220-HP,Preparing for Converse Vincom Thao Dien,25/03/2024,Out,1.0,pcs,VN15,PO02,,2TD843AAAT,
279,Hub Usb Unitek - 4 Port,Preparing for Converse Vincom Thao Dien,25/03/2024,Out,1.0,pcs,VN15,,,,
280,Datalogic QW2100,Preparing for Converse Vincom Thao Dien,25/03/2024,Out,1.0,pcs,VN15,VE05,,G21EB1582,
281,Epson TM-82III,Preparing for Converse Vincom Thao Dien,25/03/2024,Out,1.0,pcs,VN15,VN20,,X7B9022730,
282,Canon LBP 2900,Preparing for Converse Vincom Thao Dien,25/03/2024,Out,1.0,pcs,VN15,VN14,,NMYA744682,
283,Laptop Dell Latitude 3520,Phong trả máy,2024-03-04 00:00:00,in,1.0,pcs,,phong.phanhoai,,6R4JGL3,
284,Laptop Dell Latitude 3520,Trần Thị Toàn Mỹ resigned,2024-08-04 00:00:00,in,1.0,pcs,,my.tranthitoan,,6SYF7S3,
285,Brother Label,,2024-08-04 00:00:00,out,1.0,pcs,,,,,
286,HP Probook 440 G9,ZV10 trả về ,2024-08-04 00:00:00,in,1.0,pcs,,zv10,,5CD236BCT6,
287,Power socket,"ZV10 trả về, bỏ chung balo với laptop zv10",2024-08-04 00:00:00,in,1.0,pcs,,zv10,,,
288,Datalogic QW2100,"ZV10 trả về, bỏ chung balo với laptop zv10",2024-08-04 00:00:00,in,1.0,pcs,,zv10,,,
289,Epson TM-82III,ZV10 trả về ,2024-08-04 00:00:00,in,1.0,pcs,,zv10,,X7B9022774,
290,Mouse,,2024-08-04 00:00:00,in,1.0,pcs,,zv10,,,
291,Unitek - HDMI to VGA,,2024-08-04 00:00:00,out,1.0,pcs,Sơn PD ,,,,
292,Maken MK410,VI06 đóng store,2024-10-04 00:00:00,in,1.0,pcs,,VI06,,MK410211201036,
293,Epson TM-82III,VI06 đóng store,2024-10-04 00:00:00,in,1.0,pcs,,VI06,,X7BA007402,
294,Mouse,VI06 đóng store,2024-10-04 00:00:00,in,1.0,pcs,,VI06,,,
295,Datalogic QW2100,VI06 đóng store,2024-10-04 00:00:00,in,1.0,pcs,,VI06,,G22EB4216,
296,Pole Display VFD,VI06 đóng store,2024-10-04 00:00:00,in,1.0,pcs,,VI06,,,
297,HP Probook 440 G9,VI06 đóng store,2024-10-04 00:00:00,in,1.0,pcs,,VI06,,5CD2409YYT,
298,Usb to Lan - Orico,VI06 đóng store,2024-10-04 00:00:00,in,1.0,pcs,,VI06,,,
299,Keyboard,,2024-10-04 00:00:00,out,1.0,pcs,Linh MD,,,,
300,Laptop Dell Latitude 5430,,19/04/2024,in,1.0,pcs,,Trương Văn Tín Trà,,5CD73626Y5 ,
301,Laptop Dell Latitude 3520,,19/04/2024,in,1.0,pcs,,Trần Trung Tiến,,B65JGL3,
302,Maken MK410,,24/04/2024,in,1.0,pcs,,,,MK410221102420,
303,D-Link DES-1016D,,24/04/2024,in,1.0,pcs,,,,F30637A004130,
304,Pole Display LD220-HP,,24/04/2024,in,1.0,pcs,,,,2TD843AAAT,
305,Hub Usb Unitek - 4 Port,,24/04/2024,in,1.0,pcs,,,,,
306,Datalogic QW2100,,24/04/2024,in,1.0,pcs,,,,G21EB1582,
307,Epson TM-82III,,24/04/2024,in,1.0,pcs,,,,X7B9022730,
308,Canon LBP 2900,,24/04/2024,in,1.0,pcs,,,,NMYA744682,
309,Modem 4G TP-Link M7350,,24/04/2024,in,1.0,pcs,,,,2223200001560,
310,Laptop Dell Latitude 3520,,29/02/2024,out,1.0,pcs,ZV13,hieu.nguyenvutrung,,6XSSKS3,
311,Maken MK410,,24/04/2024,out,1.0,pcs,ZV13,,,MK410221102420,
312,Datalogic QW2100,,24/04/2024,out,1.0,pcs,ZV13,,,G21EB1582,
313,Hub Usb Unitek - 4 Port,,24/04/2024,out,1.0,pcs,ZV13,,,,
314,Epson TM-82III,,24/04/2024,out,1.0,pcs,ZV13,,,X7B9022730,
315,Modem 4G TP-Link M7350,,24/04/2024,out,1.0,pcs,ZV13,,,2223200001560,
316,Mouse,,24/04/2024,out,1.0,pcs,ZV13,,,,
317,Unitek - HDMI to VGA,,2024-02-05 00:00:00,out,1.0,pcs,Minh ecom,,,,
318,Aoc E960S,,2024-02-05 00:00:00,in,1.0,pcs,,,,,
319,Ram 4Gb,,2024-02-05 00:00:00,out,1.0,pcs,Thanh MD,,,,
320,Nec Model NP210,Old projector ,2024-02-05 00:00:00,in,1.0,pcs,,Small Meeting room,,,
321,HP 194V,IT-Backup,2024-12-03 00:00:00,In,1.0,pcs,Huan,PO04-VN20,,3CQ7490XG4,
322,Laptop Dell Latitude 3520,Nguyễn Hoàng Loan resigned,2024-10-05 00:00:00,in,1.0,pcs,,Loan.nguyenhoang,,71GCGG3,
323,Laptop Dell Latitude 3520,linh.thainhat resigned,2024-10-05 00:00:00,in,1.0,pcs,,linh.thainhat,,HGBJGL3,
324,Lexar-32Gb,handover for Ms.Maya ,2024-10-05 00:00:00,out,1.0,pcs,,,,,
325,SIM 4G Viettel,"For O2O - NB Nguyễn Trãi (VA11) & NB Vincom Thảo Điền (VA05)
150GB/month (5GB/day), 12 month duration, only for 4G Data",22/05/2024,In,2.0,pcs,,,,"8984048000915554577
8984048000915554707",
326,SIM 4G Viettel,,23/05/2024,Out,1.0,pcs,VA05,,,8984048000915554577,
327,Lenovo tab M8,IMEI: 862854053046774,23/05/2024,Out,1.0,pcs,VA05,,,HA1JZCBD,
328,SIM 4G Viettel,,23/05/2024,Out,1.0,pcs,VA11,,,8984048000915554707,
329,Lenovo tab M8,IMEI: 862854053049877,23/05/2024,Out,1.0,pcs,VA11,,,HA1JZYJG,
330,Mercusys,Send to VN05 for FG SDWAN project,24/05/2024,Out,1.0,pcs,VN05,5/24/2024: handover to VN05,,22253D9009592,
331,D-LINK DIR-619L,Set up for VN10,2024-10-06 00:00:00,Out,1.0,pcs,VN10,,,RZPK2G2000820,
332,Mercusys,Set up for VN10,2024-10-06 00:00:00,Out,1.0,pcs,VN10,,,,
333,Ugreen 4 port,Setup for VN16,13/06/2024,Out,1.0,pcs,VN16,,,,
334,Laptop Dell Latitude 3520,Thu hồi từ chị Bình [Đổi máy],13/06/2024,In,1.0,pcs,,binh.ngotieu,,BR9VKG3,
335,Laptop Dell Latitude 3520,Thu chị Nhung [Resigned],13/06/2024,In,1.0,pcs,,nhung.nguyenthituyet,,5YSSKS3,
336,Laptop Dell Latitude 5430,Thu chị Tuyết Retail Manager [Resigned],13/06/2024,In,1.0,pcs,,Tuyet.tranthikim,,B8972T3,
337,Postek printer,"For O2O - NB Nguyễn Trãi (VA11) & NB Vincom Thảo Điền (VA05)
150GB/month (5GB/day), 12 month duration, only for 4G Data",13/06/2024,Out,2.0,pcs,,,,,
338,HP-Display port to VGA,,20/06/2024,in,1.0,pcs,,,,,
339,OptiPlex 3090 Micro,Intern mkt resigned,20/06/2024,in,1.0,pcs,,Intern mkt,,CHC4LQ3,
340,HP 19,Intern mkt resigned,20/06/2024,In,1.0,pcs,,Intern mkt,,3CQ1470DS3,
341,Epson TM-82III,Swap for VE12,24/06/2024,Out,1.0,pcs,VE12,ZV10,,X7B9022774,
342,SIM 4G Viettel,Sóng nam giao,24/06/2024,in,1.0,pcs,,,,1699950701 ,
343,Postek printer,Sóng nam giao,2024-02-07 00:00:00,in,1.0,pcs,,,,I1624C0017,
344,Postek printer,Sóng nam giao,2024-02-07 00:00:00,in,1.0,pcs,,,,I1624C0018,
345,Postek printer,Sóng nam giao,24/06/2024,out,2.0,pcs,,,"For O2O - NEW BALANCE CRESCENT MALL(VA06) &  NEW BALANCE VAN HANH MALL(VA01)
150GB/month (5GB/day), 12 month duration, only for 4G Data",,
346,Lenovo tab M8,Sóng nam giao,24/06/2024,out,2.0,pcs,,,For O2O - NEW BALANCE CRESCENT MALL(VA06) &  NEW BALANCE VAN HANH MALL(VA01),,
347,Maken MK410,Preparing for Converse Vincom Thao Dien,25/03/2024,In,1.0,pcs,VN15,,,MK410221102420,
348,D-Link DES-1016D,Preparing for Converse Vincom Thao Dien,25/03/2024,In,1.0,pcs,VN15,PO02,,F30637A004130,
349,Pole Display LD220-HP,Preparing for Converse Vincom Thao Dien,25/03/2024,In,1.0,pcs,VN15,PO02,,2TD843AAAT,
350,Hub Usb Unitek - 4 Port,Preparing for Converse Vincom Thao Dien,25/03/2024,In,1.0,pcs,VN15,,,,
351,Datalogic QW2100,Preparing for Converse Vincom Thao Dien,25/03/2024,In,1.0,pcs,VN15,VE05,,G21EB1582,
352,Epson TM-82III,Preparing for Converse Vincom Thao Dien,25/03/2024,In,1.0,pcs,VN15,VN20,,X7B9022730,
353,Canon LBP 2900,Preparing for Converse Vincom Thao Dien,25/03/2024,In,1.0,pcs,VN15,VN14,,NMYA744682,
354,Datalogic QW2100,VN03,2024-03-07 00:00:00,out,1.0,pcs,,,,G20L70055,
355,Ổ SSD 500 Gb,Sóng Nam giao,2024-04-07 00:00:00,in,2.0,pcs,,,,,
356,Ổ SSD 500 Gb,Thay cho C.linh và  P.Thạnh,2024-04-07 00:00:00,out,2.0,pcs,,,,,
357,Ổ SSD 256 Gb,Từ lap của C.linh và  P.Thạnh,2024-04-07 00:00:00,in,2.0,pcs,,,,,
358,Epson TM-82III,thu hồi từ VE12,24/06/2024,in,1.0,pcs,VE12,,,X7B9025195,
359,Epson TM-82III,Chuyển cho VE12,24/06/2024,out,1.0,pcs,VE12,,,X7B9022774,
360,Canon LBP 2900,CHUYỂN CHO VO02,2024-09-07 00:00:00,out,1.0,pcs,VO02,,,NMYA783808,
361,HP Laserjet pro M15w,CHUYỂN CHO VC04,2024-09-07 00:00:00,out,1.0,pcs,VC04,,,VNC3K04070 ,
362,EchoLife EG8145V5,VC05 closed,2024-11-07 00:00:00,in,1.0,pcs,,,,48575443C27F06A5,
363,Toto link,VC05 closed,2024-11-07 00:00:00,in,1.0,pcs,,,,A3002RU20C900798,
364,XPRINTER,VC05 closed,2024-11-07 00:00:00,in,1.0,pcs,,,,XPK300L-BM2105270036,
365,Scanning gun,VC05 closed,2024-11-07 00:00:00,in,1.0,pcs,,,,G21EB1552,
366,Mercusys,VC05 closed,2024-11-07 00:00:00,in,1.0,pcs,,,,22172W5002275,
367,Cash drawer of mall,VC05 closed,2024-11-07 00:00:00,in,1.0,pcs,,,,M3302021060571,
368,hp laser neverstop 1000w,VC05 closed,2024-11-07 00:00:00,in,1.0,pcs,,,,CNBRP8339N,
369,Pole Display VFD,VC05 closed,2024-11-07 00:00:00,in,1.0,pcs,,,,AQVFD220V,
370,Laptop Dell Latitude 3520,Cấp tạm Lan Vy,15/07/2024,out,1.0,pcs,,,,BR9VKG3,
371,Epson TM-82III,,25/06/2024,out,1.0,pcs,ZV10,,,X7BA014971,
372,Datalogic QW2100,,25/06/2024,out,1.0,pcs,ZV10,,,G22EB04216,
373,PROBOOK 440 G9,"CORE I5-1235U, RAM : 16GB, SSD: 512 GB",25/06/2024,out,1.0,pcs,ZV10,,,5CD236BCT6,
374,TP-Link MR6400 ,,25/06/2024,out,1.0,pcs,ZV10,,,2234111003742,
375,Adapter HP 65W,,25/06/2024,out,1.0,pcs,ZV10,,,,
376,VIETTEL 4G Sim,,25/06/2024,out,1.0,pcs,ZV10,,,1699950701,
377,Laptop Dell Latitude 3520,ZV13 trả về,25/06/2024,in,1.0,pcs,ZV13,,,6XSSKS3,
378,Datalogic QW2100,ZV13 trả về,25/06/2024,in,1.0,pcs,ZV13,,,QW2100,
379,Epson TM-82III,ZV13 trả về,25/06/2024,in,1.0,pcs,ZV13,,,X7B9022758,
380,Epson TM-82III,VE12,24/06/2024,out,1.0,pcs,VE12,,,"X7B9022774 
",
381,Epson TM-82III,VE12 trả về,24/06/2024,in,1.0,pcs,VE12,,,,
382,Laptop Dell Latitude 3520,"Apdater 65W Hard disk: SSD 256Gb Ram: 8Gb CPU: 2200 MHz 11th Gen Intel Core i5-1135G7 @ 2.40GHz
",14/06/2024,out,1.0,pcs,ZV15,,,B65JGL3,
383,Datalogic QW2100,,14/06/2024,out,1.0,pcs,ZV15,,,G21M82792,
384,Epson TM II,,14/06/2024,out,1.0,pcs,ZV15,,,TCEY004688,
385,Modem 4G TP-Link M7350,,14/06/2024,out,1.0,pcs,ZV15,,,2223200001560,
386,mouse logitech,,14/06/2024,out,1.0,pcs,ZV15,,,,
387,Sim Mobi,,14/06/2024,out,1.0,pcs,ZV15,,,8401230450061649,
388,Aruba APIN0303,,28/06/2024,out,1.0,pcs,ZV15,,,CNNZK9T3C8,
389,Unifi Poe injector,,28/06/2024,out,1.0,pcs,ZV15,,,GP-V480-032G,
390,Laptop Dell Latitude 5430,"Intel Core i5 1235U 3.20ghz, SSD: 500gb
RAM : 16gb",24/06/2024,out,1.0,pcs,,nhung.nguyenthihong1,,61N8RQ3,
391,Laptop DellLatitude 3520,3000 MHz 11th Gen Intel Core i3-1115G4,2024-11-06 00:00:00,out,1.0,pcs,,duong.lactuan,,BXSSKS3,
392,Laptop DellLatitude 3520,3000 MHz 11th Gen Intel Core i3-1115G4,2024-11-06 00:00:00,out,1.0,pcs,,binh.ngotieu,,BR9VKG3,
393,Dell Latitude 3520,"Ram 8GB, SSD256Gb, 1400 MHz 11th Gen Intel Core i5-1135G7 ",2024-10-07 00:00:00,out,1.0,pcs,,chau.lehongbao,,"6R4JGL3 
",
394,Canon lbp 2900,,19/07/2024,in,1.0,pcs,,VC04,,NMYA467026,
395,Datalogic QW2100,,19/07/2024,out,1.0,pcs,,ZV14,,G2E85959 ,
396,TP-Link MR6400 ,,19/07/2024,out,1.0,pcs,,ZV14,,223C9L2011651 ,
397,Epson TM-82III,,19/07/2024,out,1.0,pcs,,ZV14,,X7BA002787 ,
398,SIm Viettel 4g,,19/07/2024,out,1.0,pcs,,ZV14,,8984048000927542644 ,
399,HP Probook G9,,19/07/2024,out,1.0,pcs,,ZV14,,5CD2409YYT ,
400,TP-Link MR6400 ,Sóng Nam giao,19/07/2024,in,1.0,pcs,,,,,
401,HP Laser 107A,,22/07/2024,in,1.0,pcs,,VO02,,CNB3R38327,
402,Epson TM-82III,,22/07/2024,out,1.0,pcs,,ZV15,,TCEY004688,
403,Dell Latitude 3520,Adapter    22VN00000040,22/07/2024,out,1.0,pcs,,ZV15,, B65JGL3,
404,Datalogic QW2100,,22/07/2024,out,1.0,pcs,,ZV15,,G21E85723,
405,Modem 4G TP-Link M7350,,22/07/2024,,1.0,pcs,,ZV15,,2223200001560,
406,Sim Mobi 4g,,22/07/2024,out,1.0,pcs,,ZV15,,84012304150061649 ,
407,Dell mouse MOFLUOA,,22/07/2024,out,1.0,pcs,,Minh Ecom,,,
408,Dell mouse MOFLUOA,,22/07/2024,in,1.0,pcs,,,,,
409,Laptop Dell Latitude 5430,Cấp cho Huynh My Danh,23/07/2024,out,1.0,pcs,,Danh,,4TS3SQ3,
410,Laptop Dell Latitude 5430,Thu hồi do màn hình 0 hiển thị,22/07/2024,in,1.0,pcs,,Danh,,42X2SQ3,
411,Ổ SSD 500 Gb,Sóng nam giao,25/07/2024,in,2.0,pcs,,,,,
412,Ổ SSD 500 Gb,Sóng nam giao,25/07/2024,out,2.0,pcs,,,,,
413,Logitech-Wireless mouse,Sóng nam giao,25/07/2024,in,1.0,pcs,,,,,
414,Logitech-Wireless mouse,,25/07/2024,out,1.0,pcs,,Minh,,,
415,Dell Latitude 5430,A An Resigned,26/07/2024,in,1.0,pcs,,,,BJ972T3,
416,Mouse,,26/07/2024,in,1.0,pcs,,,,,
417,Laptop HP Pavilion 15-eg0xxx ,Hư màn hình,2024-01-08 00:00:00,in,1.0,pcs,Trang Khổng,,,5CD250F9ZW ,
418,Laptop Dell Latitude 5420 ,Cấp cho chị trang khổng,2024-01-08 00:00:00,out,1.0,pcs,Trang Khổng,Chị Mai,,5CD108K0PN ,
419,Laptop Dell Latitude 3520,Cấp ZV13 Thăng long,2024-01-08 00:00:00,out,1.0,pcs,Nhung,,,B65JGL3,
420,Datalogic QW2100,Cấp ZV13 Thăng long,2024-01-08 00:00:00,out,1.0,pcs,Nhung,,,G17MA2903,
421,Epson TM-82III,Cấp ZV13 Thăng long,2024-01-08 00:00:00,out,1.0,pcs,Nhung,,,X7BA007405,
422,Sim 4g,Sóng nam giao,2024-01-08 00:00:00,in,2.0,pcs,,,,"8984048000934302050 
8984048000934755086 ",
423,HP 190V,Nhập về từ VI05&VR05,2024-05-08 00:00:00,in,1.0,pcs,VI05&VR05,,,3CQ54013F6,
424,HP 190V,Nhập về từ VE04,2024-05-08 00:00:00,in,1.0,pcs,VE04,,,1CR8420HDS,
425,HP 190V,Nhập về từ VC08,2024-05-08 00:00:00,in,1.0,pcs,VC08,,,1CR82307CH ,
426,HP-Display port to VGA,Nhập về từ VI05&VR05 ,2024-05-08 00:00:00,in,1.0,pcs,,VI05-VR05,,,
427,KVM Switch,Nhập về từ VI05&VR05 (Aten model) ,2024-05-08 00:00:00,in,1.0,,VI05&VR05,,,F3H40430496,
428,Fortigate-40F,Nhập 3 bộ cùa FTI (Phase 2) ,2024-05-08 00:00:00,in,3.0,pcs,,,,,
429,OptiPlex 3090 Micro,Cấp cho VA16,2024-05-08 00:00:00,Out,1.0,pcs,VA16-Pos1,PO04-VN20,,DHC4LQ3,
430,OptiPlex 3090 Micro,Cấp cho VA16,2024-05-08 00:00:00,Out,1.0,pcs,VA16-Pos2,Intern mkt,,CHC4LQ3,
431,HP ProDesk 400 G3 DM,Cấp cho VA16,2024-05-08 00:00:00,Out,1.0,pcs,VA16-Admin,PO02,,8CG8105N1T,
432,HP ProDesk 400 G3 DM,Cấp cho VA16,2024-05-08 00:00:00,Out,1.0,pcs,VA16-Server,VC01,,8CG8105MSQ,
433,HP 190V,Cấp cho VA16,2024-05-08 00:00:00,Out,1.0,pcs,VA16,VI05-VR05,,3CQ54013F6,
434,HP 190V,Cấp cho VA16,2024-05-08 00:00:00,Out,1.0,pcs,VA16,VE04,,1CR8420HDS,
435,HP 190V,Cấp cho VA16,2024-05-08 00:00:00,Out,1.0,pcs,VA16,VC08,,1CR82307CH ,
436,KVM Switch,Cấp cho VA16,2024-05-08 00:00:00,Out,1.0,pcs,VA16,VI05&VR05,,F3H40430496,
437,Maken MK410,Cấp cho VA16,2024-05-08 00:00:00,Out,1.0,pcs,VA16,,,MK410220300326,
438,Antech,Cấp cho VA16,2024-05-08 00:00:00,Out,1.0,pcs,VA16,,,DGAV141220180740,
439,D-Link DES-1016D,Cấp cho VA16,2024-05-08 00:00:00,Out,1.0,pcs,VA16,,,S31U4I3002273,
440,Pole Display VFD,Cấp cho VA16,2024-05-08 00:00:00,Out,2.0,pcs,VA16,"VN13, New",,"211130000039, 211130000034",
441,Hub Usb Unitek - 4 Port,Cấp cho VA16,2024-05-08 00:00:00,Out,2.0,pcs,VA16,New,,,
442,Datalogic QW2100,Cấp cho VA16,2024-05-08 00:00:00,Out,1.0,pcs,VA16,VC05,,G21EB1552,
443,Datalogic QW2100,Cấp cho VA16,2024-05-08 00:00:00,Out,1.0,pcs,VA16,ZV15,,G21E85723,
444,Epson TM-82III,Cấp cho VA16,2024-05-08 00:00:00,Out,1.0,pcs,VA16,VE12,,X7B9025195,
445,Epson TM-82III,Cấp cho VA16,2024-05-08 00:00:00,Out,1.0,pcs,VA16,VI06,,X7BA007402,
446,Canon LBP 2900,Cấp cho VA16,2024-05-08 00:00:00,Out,1.0,pcs,VA16,PO04-VN20,,NMYA585779,
447,UPS SMC 1500,Cấp cho VA16,2024-05-08 00:00:00,Out,1.0,pcs,VA16,,,,
448,HP-Display port to VGA,Cấp cho VA16,2024-05-08 00:00:00,Out,1.0,pcs,VA16,,,CNK3380795,2 thằng chung 1 serial
449,HP-Display port to VGA,Cấp cho VA16,2024-05-08 00:00:00,Out,1.0,pcs,VA16,,,CNK3380795,
450,Fortigate-40F,Cấp cho VA16,2024-05-08 00:00:00,Out,1.0,pcs,VA16,,,FGT40FTK24006198,
451,Sim 4g,Cấp ZV13 Thăng long,2024-06-08 00:00:00,out,1.0,pcs,ZV13,,,8401230450061640,
452,Modem 4G TP-Link M7350,Cấp ZV13 Thăng long,2024-06-08 00:00:00,out,1.0,pcs,ZV13,,,,
453,Datalogic QW2100,Cấp ZV13 Thăng long,2024-06-08 00:00:00,out,1.0,pcs,ZV13,,,G21E8554,
454,Epson TM-82III,Cấp ZV13 Thăng long,2024-06-08 00:00:00,out,1.0,pcs,ZV13,,,X7BA004104,
455,Pos,Cấp ZV13 Thăng long,2024-06-08 00:00:00,out,1.0,pcs,ZV13,,,5C595716,
456,Dell Latitude 3520,Cấp ZV13 Thăng long,2024-06-08 00:00:00,out,1.0,pcs,ZV13,,Adapter 65W,6XSSKS3,
457,Mouse,Cấp ZV13 Thăng long,2024-06-08 00:00:00,out,1.0,pcs,ZV13,,,,
458,Cash Drawer ,Cấp ZV13 Thăng long,2024-06-08 00:00:00,out,1.0,pcs,ZV13,,Maken,MK410221102347,
459,Pos,Chị Mai đưa,2024-06-08 00:00:00,in,1.0,pcs,,,,5C595716,
460,Laptop Dell Latitude 5430,Cấp cho chị Ngọc ops mới & adapter,2024-08-05 00:00:00,out,1.0,pcs,Nguyen Bao Ngoc,,,B8972T3,
461,Lenovo Thinkpad E490,Thu hồi từ a tuấn,2024-07-08 00:00:00,in,1.0,pcs,,,ZV09-ZV12,PF1JSUP7,
462,Datalogic QW2100,Thu hồi từ a tuấn,2024-07-08 00:00:00,in,1.0,pcs,,,ZV09-ZV12,G19M33798,
463,Epson TM-82III,Thu hồi từ a tuấn,2024-07-08 00:00:00,in,1.0,pcs,,,ZV09-ZV12,X7BA007405,
464,HP 280 G3 MT ,Thu hồi từ VC08,2024-07-08 00:00:00,in,1.0,pcs,VC08,,,4CE7385WV3,
465,EPSON TM-T82III,Thu hồi từ VC08,2024-07-08 00:00:00,in,1.0,pcs,VC08,,,X7BA003673,
466,Scanner datalogic qw2100,Thu hồi từ VC08,2024-07-08 00:00:00,in,1.0,pcs,VC08,,,G21857554,
467,Mouse,Thu hồi từ VC08,2024-07-08 00:00:00,in,1.0,pcs,VC08,,,,
468,Keyboard,Thu hồi từ VC08,2024-07-08 00:00:00,in,1.0,pcs,VC08,,,,
469,CASH DRAWER,Thu hồi từ VC08,2024-07-08 00:00:00,in,1.0,pcs,VC08,,,DGAIV141220180754,
470,HP ProDesk 400 G3 DM,Thu hồi từ VE04,2024-07-08 00:00:00,in,1.0,pcs,VE04,,,8CG8105N35,
471,Mouse,Thu hồi từ VE04,2024-07-08 00:00:00,in,1.0,pcs,VE04,,,,
472,Keyboard,Thu hồi từ VE04,2024-07-08 00:00:00,in,1.0,pcs,VE04,,,,
473,Pole Display VFD220U,Thu hồi từ VE04,2024-07-08 00:00:00,in,1.0,pcs,VE04,,,120033,
474,HP ProDesk 400 G3 DM,Thu Hồi từ CHAMPION CRESCENT MALL, ,in,1.0,pcs,VC05,,,8CG75234Q7,
475,HP ProDesk 400 G3 DM,Cấp cho VA15,14/8/2024,out,1.0,pcs,VA15,VN13,,8CG8052W2J,
476,HP 190V,Cấp cho VA15,14/8/2024,out,1.0,pcs,VA15,VN13,,1CR8371GSK,
477,Maken MK410,Cấp cho VA15,14/8/2024,out,1.0,pcs,VA15,,,20230526081,
478,Pole Display LD220-HP,Cấp cho VA15,14/8/2024,out,1.0,pcs,VA15,,,493345-002,
479,Mercusys,Cấp cho VA15,14/8/2024,out,1.0,pcs,VA15,,,22253D9009871,
480,Datalogic QW2100,Cấp cho VA15,14/8/2024,out,1.0,pcs,VA15,,,G21M82786,
481,Epson TM-82III,Cấp cho VA15,14/8/2024,out,1.0,pcs,VA15,ZV13,,X7B9022758,
482,HP Laser NEVERSTOP 1000W,Cấp cho VA15,14/8/2024,out,1.0,pcs,VA15,VC05,,CNBRP8339N,
483,HP-Display port to VGA,Cấp cho VA15,14/8/2024,out,1.0,pcs,VA15,,,,
484,Mouse & keyboard,Cấp cho VA15,14/8/2024,out,1.0,pcs,VA15,,màu trắng,,
485,Fortigate-40F,Cấp cho VA15,14/8/2024,out,1.0,pcs,VA15,,,FGT40FTK24012854,
486,Epson TM-82III,Nhận từ Vi04,16/08/2024,in,1.0,pcs,Vi04,,,X7BA002775,
487,Laptop Dell Latitude 3520,Event Bình Dương,21/08/2024,out,1.0,pcs,,,,6S4JGL3,
488,Epson TM-82III,Event Bình Dương,21/08/2024,out,1.0,pcs,,,,X7BA002775,
489,Datalogic QW2100,Event Bình Dương,21/08/2024,out,1.0,pcs,,,,G23C76607,
490,Samsung Tab S6,Sóng nam giao,22/08/2024,in,1.0,pcs,,,,354348130452407,
491,Samsung Tab S6,Sóng nam giao,22/08/2024,in,1.0,pcs,,,,354348130452662,
492,Samsung Tab S6,Sóng nam giao,22/08/2024,in,1.0,pcs,,,,354348130452001,
493,Postek printer,Sóng nam giao,22/08/2024,in,1.0,pcs,,,,11624C0001 ,
494,Postek printer,Sóng nam giao,22/08/2024,in,1.0,pcs,,,,11624C0002,
495,Postek printer,Sóng nam giao,22/08/2024,in,1.0,pcs,,,,11624C0003,
496,SIM 4G Viettel,Sóng nam giao,22/08/2024,in,1.0,pcs,,,,8984048000934185683,
497,SIM 4G Viettel,Sóng nam giao,22/08/2024,in,1.0,pcs,,,,8984048000934185627,
498,SIM 4G Viettel,Sóng nam giao,22/08/2024,in,1.0,pcs,,,,8984048000934185573,
499,SIM 4G Viettel,Sóng nam giao,22/08/2024,in,1.0,pcs,,,,8984048000916476495,
500,SIM 4G Viettel,Sóng nam giao,22/08/2024,in,1.0,pcs,,,,8984048000934185681,
501,Epson TM-82III,VA02,23/08/2024,in,1.0,pcs,,,,X7BA011302,
502,Canon LBP 2900,VA02,23/08/2024,in,1.0,pcs,,,,NMYA783802,
503,Datalogic QW2100,VA02,23/08/2024,in,1.0,pcs,,,,G22EB4602,
504,Laptop Hp ProBook 440 G9,VA02,23/08/2024,in,1.0,pcs,,,,5CD250F9ZW,
505,Laptop Dell Latitude 3520,ZV16,27/08/2024,out,1.0,pcs,DƯƠNG QUANG MINH TUẤN,,,BR9VKG3 ,
506,Samsung S6 Lite,VN14,26/08/2024,in,1.0,pcs,,,,352294624028836,
507,Postek printer,VN14,26/08/2024,in,1.0,pcs,,,,I1622F0008,
508,HP 190V,VN14,26/08/2024,in,1.0,pcs,,,,1CR82307C2,
509,HP Pavilion 550-029I,VN14,26/08/2024,in,1.0,pcs,,,,4CE61005V3,
510,Canon LBP 2900,VN14,26/08/2024,in,1.0,pcs,,,,NMYA855377,
511,Mercusys,VN14,26/08/2024,in,1.0,pcs,,,,22172W5002261,
512,Datalogic QW2100,VN14,26/08/2024,in,1.0,pcs,,,,G21M82814,
513,Epson TM-82III,VN14,26/08/2024,in,1.0,pcs,,,,X7BA002788,
514,Maken MK410,VN14,26/08/2024,in,1.0,pcs,,,,MK410211201514,
515,Pole Display LD220-HP,VN14,26/08/2024,in,1.0,pcs,,,,211130000033,
516,Mouse,VN14,26/08/2024,in,1.0,pcs,,,,,
517,Keyboard,VN14,26/08/2024,in,1.0,pcs,,,,,
518,HP 194V  ,VA13,29/08/2024,out,1.0,pcs,,,,3CQ633116Z,
519,Epson TM-82III  ,VA13,29/08/2024,out,1.0,pcs,,,,X7BA011302,
520,Canon LBP 2900  ,VA13,29/08/2024,out,1.0,pcs,,,,NMYA783802,
521,Pole Display VFD  ,VA13,29/08/2024,out,1.0,pcs,,,,211130000049,
522,HP ProDesk 400 G3 DM  ,VA13,29/08/2024,out,1.0,pcs,,,,8CG8105N1V,
523,Hub usb orico  ,VA13,29/08/2024,out,1.0,pcs,,,,,
524,Mouse& Keyboard  ,VA13,29/08/2024,out,1.0,pcs,,,,,
525,Maken MK410  ,VA13,29/08/2024,out,1.0,pcs,,,,MK410220300197,
526,Fortigate-40F  ,VA13,29/08/2024,out,1.0,pcs,,,,,
527,Mercusys  ,VA13,29/08/2024,out,1.0,pcs,,,,22172W5002275,
528,Datalogic QW2100  ,VA13,29/08/2024,out,1.0,pcs,,,,G22EB4602,
529,HP-Display port to VGA,VA13,29/08/2024,out,1.0,pcs,,,,,
530,Samsung S6 Lite,VA16,2024-06-09 00:00:00,out,1.0,pcs,,,,352294624028836,
531,Postek printer,VA16,2024-06-09 00:00:00,out,1.0,pcs,,,,I1622F0008,
532,HP Probook G9,Thu hồi từ A.Tuấn hiện tại a.huy giữ,2024-09-09 00:00:00,in,1.0,pcs,,,,5CD2409YYT ,
533,Samsung S6 Lite,VA22,10/092024,out,1.0,pcs,,,,354348130452407,
534,Postek printer,VA22,10/092024,out,1.0,pcs,,,,I1624C0001,
535,SIM 4G Viettel,VA22,10/092024,out,1.0,pcs,,,,8984048000916476495,
536,Fortigate-60F,VO02,16/09/2024,in,1.0,pcs,,,,"serial"": ""FGT60FTK23084659"", cloud_key: ""C7XWD5S5""",
537,Datalogic QW2100,zv16&zv14,16/09/2024,in,1.0,pcs,,,,G21E85804,
538,TP-Link MR6400 ,zv16&zv14,16/09/2024,in,1.0,pcs,,,,223C9L2011651,
539,Epson TM-82III,zv16&zv14,16/09/2024,in,1.0,pcs,,,,X7BA002787,
540,SIM 4G Viettel,zv16&zv14,16/09/2024,in,1.0,pcs,,,,8984048000927542644 ,
541,Laptop Dell Latitude 3520,zv16&zv14,16/09/2024,in,1.0,pcs,,,,BR9VKG3 ,
542,HP Laser NEVERSTOP 1000W,VN02,17/09/2024,in,1.0,pcs,,,,CNBRP833GH,
543,Epson TM-82III,VN02,17/09/2024,in,1.0,pcs,,,,X7BA000889,
544,Datalogic QW2100,VN02,17/09/2024,in,1.0,pcs,,,,G17NE9961,
545,Maken MK410,VN02,17/09/2024,in,1.0,pcs,,,,MK410210300453,
546,HP ProDesk 400 G7 DM,VN02,17/09/2024,in,1.0,pcs,,,,1CZ04303Y7,
547,Lenovo tab M8,VN02,17/09/2024,in,1.0,pcs,,,,HA1JXW7V,
548,Sim 4g,VN02,17/09/2024,in,1.0,pcs,,,,8401232050322104,
549,HP 185E,VN02,17/09/2024,in,1.0,pcs,,,,CNT930534Q,
550,Postek printer,VN02,17/09/2024,in,1.0,pcs,,,,I1623H0003,
551,Mercusys,VN16,17/09/2024,out,1.0,pcs,,,, 22172W5002261,
552,Pole Display VFD,VN02,17/09/2024,in,1.0,pcs,,,,2108112341009,
553,Canon LBP 2900,PO03,20/09/2024,in,1.0,pcs,,,,211130000029,
554,Datalogic QW2100,PO03,20/09/2024,in,1.0,pcs,,,,G21EB1563,
555,OptiPlex 3090 Micro,PO03,20/09/2024,in,1.0,pcs,,,,BGC4LQ3,
556,Canon LBP 2900,PO03,20/09/2024,in,1.0,pcs,,,,NMYA746459,
557,Mercusys,PO03,20/09/2024,in,1.0,pcs,,,,2201552001955,
558,Epson TM-82III,PO03,20/09/2024,in,1.0,pcs,,,,X7BA002821,
559,Dell E1916,PO03,20/09/2024,in,1.0,pcs,,,,CN0MMK39728725COG47UA00,
560,Maken MK410,PO03,20/09/2024,in,1.0,pcs,,,,,
561,HP V20,VA09&VN11,20/09/2024,in,1.0,pcs,,,,3CQ2320CR6,
562,HP V20,VA09&VN11,20/09/2024,in,1.0,pcs,,,,3CQ2320662,
563,Hp ProBook 440 G6,VN11,20/09/2024,in,1.0,pcs,,,,8CC2231D4N,
564,Pole Display VFD,VA09&VN11,20/09/2024,in,1.0,pcs,,,,221122000049,
565,Maken MK410,VA09&VN11,20/09/2024,in,1.0,pcs,,,,MK410221102041,
566,Maken MK410,VA09&VN11,20/09/2024,in,1.0,pcs,,,,MK410221102021,
567,Scanner Datalogic QW2100,VA09&VN11,20/09/2024,in,1.0,pcs,,,,G23D05705,
568,Scanner Datalogic QW2100,VA09&VN11,20/09/2024,in,1.0,pcs,,,,G23C76627,
569,Canon LBP 2900,VA09&VN11,20/09/2024,in,1.0,pcs,,,,NMYA834196,
570,Canon LBP 2900,VA09&VN11,20/09/2024,in,1.0,pcs,,,,NMYA802536,
571,Epson TM-82III,VA09&VN11,20/09/2024,in,1.0,pcs,,,,X7B9023457,
572,Epson TM-82III,VA09&VN11,20/09/2024,in,1.0,pcs,,,,X7B9028159,
573,Samsung S6 Lite,VN11,20/09/2024,in,1.0,pcs,,,,352294624027655,
574,Postek printer,VA09&VN11,20/09/2024,in,1.0,pcs,,,,I1622F0001,
575,Pole Display VFD,vn24,20/09/2024,in,1.0,pcs,,,,221122000049,
576,OptiPlex 3090 Micro,vn24,20/09/2024,in,1.0,pcs,,,,2HC4LQ3,
577,Epson TM-82III,vn24,20/09/2024,in,1.0,pcs,,,,X7BA007409,
578,Canon LBP 2900,vn24,20/09/2024,in,1.0,pcs,,,,NMYA786005,
579,Datalogic QW2100,vn24,20/09/2024,in,1.0,pcs,,,,G22EB4589,
580,Maken MK410,vn24,20/09/2024,in,1.0,pcs,,,,MK410220300534,
581,HP 190V,vn24,20/09/2024,in,1.0,pcs,,,,1CR82307CB,
582,Cisco CBS110-16T-EU,vn24,20/09/2024,in,1.0,pcs,,,,PSZ26391 WEW,
583,Epson TM-82III,Binh duong,30/09/2024,in,1.0,pcs,,,,X7BA002775,
584,Maken MK410,VN07,2024-10-03 00:00:00,out,1.0,pcs,VN11,,,MK410221102041,
585,XPrinter XP-K300L,VN07,2024-10-10 00:00:00,in,1.0,pcs,,,,XPK300L-BM2105270034,
586,Maken MK410,VN07,2024-10-10 00:00:00,in,1.0,pcs,,,,MK410211200950,
587,Maken MK410,VN07,2024-10-10 00:00:00,in,1.0,pcs,,,,MK410211201512,
588,Maken MK410,VN07,2024-10-10 00:00:00,in,1.0,pcs,,,,MK410221102021,
589,Pole Display VFD220U,VN07,2024-10-10 00:00:00,in,1.0,pcs,,,,211130000045,
590,HP Laser NEVERSTOP 1000W,VN07,2024-10-10 00:00:00,in,1.0,pcs,,,,CNBRP8434C,
591,Epson TM-82III,KN08,2024-11-10 00:00:00,out,1.0,pcs,,,,X7BA007409,
592,Laptop Dell Inspiron 3505,Vn01,14/10/2024,in,1.0,pcs,,,,GNWPK73,
593,Epson TM-82III,Vn01,14/10/2024,in,1.0,pcs,,,,X7BA000887,
594,Scanner Datalogic QW2100,Vn01,14/10/2024,in,1.0,pcs,,,,G20L70063,
595,Pole Display,Vn01,14/10/2024,in,1.0,pcs,,,,2108112341009,
596,Antech,Vn01,14/10/2024,in,1.0,pcs,,,,DGAV141220180754,
597,Canon LBP 2900,Vn01,14/10/2024,in,1.0,pcs,,,,NMYA467073,
598,Mercusys,Vn01,14/10/2024,in,1.0,pcs,,,,2201552001939,
599,Epson TM-82II,Kn08,2024-11-10 00:00:00,in,1.0,pcs,,,,TCEY007558,
600,Epson TM-82II,Vi01,18/10/2024,in,1.0,pcs,,,,TCEY004684,
601,zebex z3100,Vi01,18/10/2024,in,1.0,pcs,,,,G00LH223008,
602,Unitek - HDMI to VGA,,22/10/2024,out,1.0,pcs,Tram log,,,,
603,Samsung S19B370B,,22/10/2024,in,1.0,pcs,,,,MQDJHYCC302944V,
604,Samsung S19B370B,,22/10/2024,Out,1.0,pcs,Tram log,,,MQDJHYCC302944V,
605,Laptop Hp ProBook 440 G9,VE06,25/10/2024,in,1.0,pcs,,,,5CD250F9PD,
606,Datalogic QW2100,VE06,25/10/2024,in,1.0,pcs,VA08,,,G23C76615,
607,Epson TM-82III,VE06,25/10/2024,in,1.0,pcs,,,,X7B9022777,
608,Laptop Lenovo Lenovo 81FV,Vi01,,in,1.0,pcs,,,,PF1MDA7C,
609,Epson TM-82III,VA14,29/10/2024,out,1.0,pcs,,,,X7B90227772,
610,Canon LBP 2900,VA14,29/10/2024,out,1.0,pcs,,,,NMYA786005,
611,Maken MK410,VA14,29/10/2024,out,1.0,pcs,,,,MK410221102021,
612,Pole Display VFD,VA14,29/10/2024,out,1.0,pcs,,,,211130000045,
613,Dell E1916,VA14,29/10/2024,out,1.0,pcs,,,,CN-OMMK39-72872-5CO-G47U-A00,
614,HP ProDesk 400 G3 DM,VA14,29/10/2024,out,1.0,pcs,,,,8CG8105N35,
615,Mercusys,VA14,29/10/2024,out,1.0,pcs,,,,2201552001955,
616,Fortigate-40F,VA14,29/10/2024,out,1.0,pcs,,,,FGT40FTK2309D2CM    Key: 9LCZPTQ3,
617,mouse,VA14,29/10/2024,out,1.0,pcs,,,,,
618,keyboard,VA14,29/10/2024,out,1.0,pcs,,,,,
619,Datalogic QW2100,VA14,29/10/2024,out,1.0,pcs,,,,G23C76615,
620,Hub Usb Orico 4 Port,VR02,2024-06-10 00:00:00,out,1.0,pcs,,,,,
621,HP ProDesk 400 G6 DM,VA20-ADMIN,2024-08-11 00:00:00,out,1.0,pcs,,New,,8CC2231D5C,
622,OptiPlex 3090 Micro,VA20-POS2,2024-08-11 00:00:00,out,1.0,pcs,,VN11,,8CC2231D4N,
623,HP ProDesk 400 G3 DM,VA20-POS1,2024-08-11 00:00:00,out,1.0,pcs,,VC03,,8CG8052XG7,
624,HP 185E,VA20,2024-08-11 00:00:00,out,1.0,pcs,,,,CNT930534Q,
625,HP V20,VA20,2024-08-11 00:00:00,out,1.0,pcs,,,,3CQ2320CR6,
626,Angustos,Sóng nam giao,2024-06-11 00:00:00,in,1.0,pcs,,,,2312178BADH21L0200002,
627,Angustos,VA20,2024-08-11 00:00:00,out,1.0,pcs,,New,,2312178BADH21L0200002,
628,Maken MK410,VA20,2024-08-11 00:00:00,out,1.0,pcs,,,,MK410211200950,
629,Maken MK410,VA20,2024-08-11 00:00:00,out,1.0,pcs,,,,MK410211201512,
630,Pole Display VFD,VA20,2024-08-11 00:00:00,out,1.0,pcs,,,,211130000029,
631,Hub Usb Unitek - 4 Port,VA20,2024-08-11 00:00:00,out,1.0,pcs,,,,,
632,Datalogic QW2100,VA20,2024-08-11 00:00:00,out,1.0,pcs,,,,G22EB4589,
633,Datalogic QW2100,VA20,2024-08-11 00:00:00,out,1.0,pcs,,,,G21E85804,
634,Epson TM-82III,VA20,2024-08-11 00:00:00,out,1.0,pcs,,,,X7BA002787,
635,Epson TM-82III,VA20,2024-08-11 00:00:00,out,1.0,pcs,,,,X7BA002788,
636,Canon LBP 2900,VA20,2024-08-11 00:00:00,out,1.0,pcs,,,,NMYA746459,
637,HP-Display port to VGA,VA20,2024-08-11 00:00:00,out,1.0,pcs,,,,,
638,HP-Display port to VGA,VA20,2024-08-11 00:00:00,out,1.0,pcs,,,,,
639,Fortigate-40F,VA20,2024-08-11 00:00:00,out,1.0,pcs,,,,FGT40FTK2309D2HW,
640,Pole Display VFD,VA20,2024-08-11 00:00:00,out,1.0,pcs,,,,211130000048,
641,Mercusys,VA20,2024-08-11 00:00:00,out,1.0,pcs,,,,2201552001939,
642,Samsung Tab S6,VN27,13/11/2024,out,1.0,pcs,,,,354348130452001,
643,Laptop Thinkpad X280,ZV17,19/11/2024,out,1.0,pcs,,,,PC133K78,
644,Lenovo tab M8,VA05,19/11/2024,in,1.0,pcs,,,,HA1JZCBD,
645,Lenovo tab M8,VN27,19/11/2024,in,1.0,pcs,,,,HA1JY6ZZ,
646,Laptop HP 14s-cf2xxx,VN09 event,20/11/2024,out,1.0,pcs,,,,5CG11088PT,
647,Epson TM-82III,VN09 event,20/11/2024,out,1.0,pcs,,,,X7B9023457,
648,Datalogic QW2100,VN09 event,20/11/2024,out,1.0,pcs,,,,G2OL70063,
649,Postek printer,VN27,28/11/2024,out,1.0,pcs,,,,I1624C0002,
650,Mercusys,VN09,29/11/2024,out,1.0,pcs,,,, 22172W5002268,
651,HP Probook G9,ZV18,22/11/2024,out,1.0,pcs,,,,5CD2409YYT,
652,Laptop Dell Latitude 3520,ZV18,22/11/2024,out,1.0,pcs,,,,1P8VKG3,
653,TP-Link MR6400,ZV18,22/11/2024,out,1.0,pcs,,,,223C9L2011651,
654,Epson TM-82III,ZV18,22/11/2024,out,1.0,pcs,,,,X7B9028159,
655,Datalogic QW2100,ZV18,22/11/2024,out,1.0,pcs,,,,G23C76627,
656,Laptop Dell Latitude 3520,Event Va13,22/11/2024,out,1.0,pcs,,,,BXSSKS3,
657,Epson TM-82III,Event Va13,22/11/2024,out,1.0,pcs,,,,X7BA000889,
658,Datalogic QW2100,Event Va13,22/11/2024,out,1.0,pcs,,,,G23C76607,
659,Laptop Dell Latitude 3520,ZV18,2024-09-12 00:00:00,in,1.0,pcs,,,,1P8VKG3,
660,Laptop Thinkpad X280,ZV17,2024-09-12 00:00:00,in,1.0,pcs,,,,PC133K78,
661,Laptop Dell Latitude 3520,Event Va13,2024-09-12 00:00:00,in,1.0,pcs,,,,BXSSKS3,
662,Epson TM-82III,Event Va13,2024-09-12 00:00:00,in,1.0,pcs,,,,X7BA000889,
663,Datalogic QW2100,Event Va13,2024-09-12 00:00:00,in,1.0,pcs,,,,G23C76607,
664,Datalogic QW2100,VA22,23/12/2024,in,1.0,pcs,,,,G21M82827,
665,Epson TM-82III,VA22,23/12/2024,in,1.0,pcs,,,,X7B9023460,
666,HP V20,VA22,23/12/2024,in,1.0,pcs,,,,3CQ2320F15,
667,Canon LBP 2900,VA22,23/12/2024,in,1.0,pcs,,,,NMYA802553,
668,DSP V9FB,VA22,23/12/2024,in,1.0,pcs,,,,D190928010254,
669,Samsung S6 Lite,VA22,23/12/2024,in,1.0,pcs,,,,354348130452407,
670,Postek printer,VA22,23/12/2024,in,1.0,pcs,,,,I1624C0001,
671,SIM 4G Viettel,VA22,23/12/2024,in,1.0,pcs,,,,8984048000916476495,
672,Maken MK410,VA22,23/12/2024,in,1.0,pcs,,,,MK410221101694,
673,HP ProDesk 400 G6 DM,VA22,23/12/2024,in,1.0,pcs,,,,8CC2231D78,
674,Laptop Hp ProBook 440 G9,ZV21,23/08/2024,out,1.0,pcs,,,,5CD250F9ZW,
675,Laptop Dell Latitude 3520,ZV20,2024-09-12 00:00:00,out,1.0,pcs,,,,1P8VKG3,
676,Laptop Thinkpad X280,ZV19,2024-09-12 00:00:00,out,1.0,pcs,,,,PC133K78,
677,HP Laserjet pro M12w,KN01,24/12/2024,in,1.0,pcs,,,,VNCW514219,
678,Epson TM-82II,KN01,24/12/2024,in,1.0,pcs,,,,TCCY014795,
679,Monitor HP V190,KN01,24/12/2024,in,1.0,pcs,,,,1CR82307CK,
680,Scanner Datalogic QW2100,KN01,24/12/2024,in,1.0,pcs,,,,G17NE9935,
681,Pole Display HP ,KN01,24/12/2024,in,1.0,pcs,,,,,
682,Cash Drawer Antech ,KN01,24/12/2024,in,1.0,pcs,,,,B5AT100018,
683,Other Mitaco Finger printer,KN01,24/12/2024,in,1.0,pcs,,,,,
684,Network Switch TP-Link ,KN01,24/12/2024,in,1.0,pcs,,,,,
685,Firewall Fortinet 60E,KN01,24/12/2024,in,1.0,pcs,,,,,
686,Laptop HP ProBook 440 14 inch G9,VA10,2025-01-02 00:00:00,in,1.0,pcs,,,,5CD250F9QZ,
687,Bill Printer Epson TM-T82III,VA11,2025-01-02 00:00:00,in,1.0,pcs,,,,X7B9022786,
688,Scanner Datalogic QW2100,VA12,2025-01-02 00:00:00,in,1.0,pcs,,,,G22F27244,
689,Canon LBP 2900,VA13,2025-01-02 00:00:00,in,1.0,pcs,,,,NMYA782038,
690,USB Kingston ,VA14,2025-01-02 00:00:00,in,1.0,pcs,,,,,
691,Desktop HP PRO MINI 400 G9,VA09,2025-01-02 00:00:00,in,1.0,pcs,,,,8CC3213L46,
692,Laptop Dell Latitude 3520 ,Zv18-ZV20,2025-01-02 00:00:00,in,1.0,pcs,,,,1P8VKG3 ,
693,Laptop Dell Inspiron 3505 ,ZV21,2025-01-02 00:00:00,in,1.0,pcs,,,,GNWPK73 ,
694,Thinkpad X280 ,ZV17-19,2025-01-02 00:00:00,in,1.0,pcs,,,,PC133K78 ,
695,Laptop HP PROBOOK 440 G9 ,ZV10,2025-01-02 00:00:00,in,1.0,pcs,,,,5CD236BCT6 ,
696,Laptop Dell Latitude 3520 ,give for SN to repair,2025-01-02 00:00:00,out,1.0,pcs,,,,99C2LG3,
697,Laptop Dell Latitude 3520 ,give for SN to repair,2025-01-02 00:00:00,out,1.0,pcs,,,,8P9VKG3,
698,Laptop Dell Latitude 3520 ,give for SN to repair,2025-01-02 00:00:00,out,1.0,pcs,,,,JJNZDX3,
699,Laptop Dell Latitude 3520 ,give for SN to repair,2025-01-02 00:00:00,out,1.0,pcs,,,,DP8VKG3,
700,Postek printer ,O2O for VA20,2025-12-02 00:00:00,out,1.0,pcs,,,,I1624C0017 ,
701,Lenovo tab M8 ,O2O for VA20,2025-12-02 00:00:00,out,1.0,pcs,,,,862884053049927 ,
702,Postek printer ,O2O for VA14,2025-12-02 00:00:00,out,1.0,pcs,,,,I1624C0018,
703,Samsung S6 Lite,O2O for VA14,2025-12-02 00:00:00,out,1.0,pcs,,,,354348130452407,
704,Sim 4G,O2O for VA14,2025-12-02 00:00:00,out,1.0,pcs,,,,8984048000916470000,
705,Postek printer ,O2O for VA13,2025-12-02 00:00:00,out,1.0,pcs,,,,I1624C0001,
706,Lenovo tab M8 ,O2O for VA13,2025-12-02 00:00:00,out,1.0,pcs,,,,862854053050057,
707,Sim 4G,O2O for VA13,2025-12-02 00:00:00,out,1.0,pcs,,,,8984048000934180000,
708,Postek printer ,O2O for VI03,2025-12-02 00:00:00,out,1.0,pcs,,,,I1623H0003 ,
709,Lenovo tab M8 ,O2O for VI03,2025-12-02 00:00:00,out,1.0,pcs,,,,862854053049620 ,
710,Postek printer ,O2O for VN22,2025-12-02 00:00:00,out,1.0,pcs,,,,I1623F0001,
711,Samsung S6 Lite,O2O for VN22,2025-12-02 00:00:00,out,1.0,pcs,,,,352294624027473,
712,Canon LBP 2900,Closed VE12,13/2/2025,in,1.0,pcs,,,,NMYA921017,
713,Cisco CBS110-16T-EU,Closed VE12,13/2/2025,in,1.0,pcs,,,,PSZ27111BN9,
714,Fortigate-40F,Closed  KN12,13/2/2025,in,1.0,pcs,,,,FGT40FTK2309FAZ6,
715,Scanner Datalogic QW2100,Closed VE12,13/2/2025,in,1.0,pcs,,,,G23D05195,
716,Epson TM-82III,Closed VE12,13/2/2025,in,1.0,pcs,,,,X7B9022774,
717,Pole Display DSP V9,Closed VE12,13/2/2025,in,1.0,pcs,,,,D190928010208,
718,HP V20,Closed VE12,13/2/2025,in,1.0,pcs,,,,3CQ2320DV1,
719,Desktop HP HP ProDesk 400 G3 MT,Closed VE03,24/02/2025,in,1.0,pcs,,,,SGH649PK2B,
720,Bill Printer Epson TM-T82III,Closed VE03,24/02/2025,in,1.0,pcs,,,,X7BA004103,
721,Monitor Dell ,Closed VE03,24/02/2025,in,1.0,pcs,,,,CN-098W4H---2V8M,
722,Scanner Datalogic QW2100,Closed VE03,24/02/2025,in,1.0,pcs,,,,G21E85723,
723,Cash Drawer Maken MK410,Closed VE03,24/02/2025,in,1.0,pcs,,,,MK410210300816,
724,Pole Display  VFD220U,Closed VE03,24/02/2025,in,1.0,pcs,,,,120034,
725,TP link tl sf1008d,Closed VE03,24/02/2025,in,1.0,pcs,,,,TL-SF1008d,
726,Desktop HP  Prodesk 400G3 DM,Closed VN04,24/02/2025,in,1.0,pcs,,,,8CG8105N2V,
727,A4 Printer HP Neverstop Laser 1000w,Closed VN04,24/02/2025,in,1.0,pcs,,,,CNBRP83386,
728,Cash Drawer Maken MK410,Closed VN04,24/02/2025,in,1.0,pcs,,,,MK410210300431,
729,Pole Display  VFD220U,Closed VN04,24/02/2025,in,1.0,pcs,,,,120032,
730,Scanner Datalogic QW2100,Closed VN04,24/02/2025,in,1.0,pcs,,,,G21M82741,
731,Bill Printer Epson TM-T82III,Closed VN04,24/02/2025,in,1.0,pcs,,,,X7BA004091,
732,Monitor HP V190,Closed VN04,24/02/2025,in,1.0,pcs,,,,1CR82307CR,
733,Dell E2216HV,Closed VN04,24/02/2025,in,1.0,pcs,,,,CN-OXTW00-FCC00-21L-DFDB-A15,
734,Maken MK410,VA14,25/02/2025,out,1.0,pcs,,VN24,,MK410220300534,
735,Laptop Hp ProBook 440 G9,VA23,2025-05-03 00:00:00,out,1.0,pcs,,,,5CD250F9ZW,
736,Poscom,Closed ZV07,2025-05-03 00:00:00,in,1.0,pcs,,,,,
737,USB Wifi TP-Link AC1300,Closed ZV07,2025-05-03 00:00:00,in,1.0,pcs,,,,,
738,Datalogic QW2100,Closed ZV07,2025-05-03 00:00:00,in,1.0,pcs,,,,G23C76551,
739,Epson TM-82III,Closed ZV07,2025-05-03 00:00:00,in,1.0,pcs,,,,X7BA003673,
740,HP Laser NEVERSTOP 1000W,Closed ZV07,2025-05-03 00:00:00,in,1.0,pcs,,,,CNBRP837ZY,
741,KPOS-VFD-220U,Closed ZV07,2025-05-03 00:00:00,in,1.0,pcs,,,,VFD220U13B20120039,
742,Fortigate-40F,Closed VR12,2025-07-03 00:00:00,in,1.0,pcs,,,,FGT40FTK24012877,
743,Epson TM-82III,Closed VR12,2025-07-03 00:00:00,in,1.0,pcs,,,,X7B9025198,
744,HP ProDesk 400 G6 DM,Closed VR12,2025-07-03 00:00:00,,1.0,pcs,,,,,
745,Canon LBP 2900,Closed VR12,2025-07-03 00:00:00,in,1.0,pcs,,,,NMYA922095,
746,Scanner Datalogic QW2100,Closed VR12,2025-07-03 00:00:00,in,1.0,pcs,,,,G23D05251,
747, HP V20,Closed VR12,2025-07-03 00:00:00,in,1.0,pcs,,,,3CQ2320F08,
748,Pole Display,Closed VR12,2025-07-03 00:00:00,in,1.0,pcs,,,,D190928010130\MK,
749,Cisco CBS110-16T-EU,Closed VR12,2025-07-03 00:00:00,in,1.0,pcs,,,,PSZ27111C7N,
750,HP ProDesk 400 G6 DM,Closed VE12,2025-07-03 00:00:00,in,1.0,pcs,,,,8CC22011LP,
751,Laptop Hp ProBook 440 G9,Event zv25,2025-11-03 00:00:00,out,1.0,pcs,,,,5CD250F9PD,
752,Scanner Datalogic QW2100,Event zv25,2025-11-03 00:00:00,out,1.0,pcs,,,,G21E85754,
753,Epson TM-82III,Event zv25,2025-11-03 00:00:00,out,1.0,pcs,,,,X7B9025644,
754,Fortigate-40F,Vi03,20/3/2025,out,1.0,pcs,,,,FGT40FTK2309D2DB,
755,Laptop Dell Latitude 3520 ,VN03 Event,2025-01-04 00:00:00,out,1.0,pcs,,,,JWZF7S3 ,
756,Epson TM-82III ,VN03 Event,2025-01-04 00:00:00,out,1.0,pcs,,,,X7BA002821 ,
757,Scanner Datalogic QW2100 ,VN03 Event,2025-01-04 00:00:00,out,1.0,pcs,,,,G22F27244 ,
758,Laptop Lenovo Thinkpad X280 ,VA08 event,2025-05-15 00:00:00,out,1.0,pcs,,,,PC0VT5R5 ,
759,Epson TM-82III ,VA08 event,2025-05-15 00:00:00,out,1.0,pcs,,,,X7B9022786 ,
760,Scanner Datalogic QW2100 ,VA08 event,2025-05-15 00:00:00,out,1.0,pcs,,,,G23C76627 ,
761,TP-Link MR6400 ,,25/05/2025,in,1.0,pcs,ZV10,,,2234111003742,
762,TP-Link MR6400 ,For VN03,25/05/2025,out,1.0,pcs,,,,2234111003742,
763,Wifi UBIQUITI UniFi,Nhập Từ Sóng Nam ,2025-05-29 00:00:00,in,1.0,pcs,,,,9C05D67986B5,
764,Wifi UBIQUITI UniFi,Nhập Từ Sóng Nam ,2025-05-29 00:00:00,in,1.0,pcs,,,,9C05D67985DB,
765,Wifi UBIQUITI UniFi,Nhập Từ Sóng Nam ,2025-05-29 00:00:00,in,1.0,pcs,,,,9C05D6798566,
766,Wifi UBIQUITI UniFi,Nhập Từ Sóng Nam ,2025-05-29 00:00:00,in,1.0,pcs,,,,9C05D67981E2,
767,Wifi UBIQUITI UniFi,Nhập Từ Sóng Nam ,2025-05-29 00:00:00,in,1.0,pcs,,,,9C05D6798854,
768,Wifi UBIQUITI UniFi,Nhập Từ Sóng Nam ,2025-05-29 00:00:00,in,1.0,pcs,,,,9C05D679802B,
769,Wifi UBIQUITI UniFi,Nhập Từ Sóng Nam ,2025-05-29 00:00:00,in,1.0,pcs,,,,9C05D6797F4E,
770,Wifi UBIQUITI UniFi,Nhập Từ Sóng Nam ,2025-05-29 00:00:00,in,1.0,pcs,,,,9C05D679882E,
771,Wifi UBIQUITI UniFi,Nhập Từ Sóng Nam ,2025-05-29 00:00:00,in,1.0,pcs,,,,9C05D67987D6,
772,Wifi UBIQUITI UniFi,Nhập Từ Sóng Nam ,2025-05-29 00:00:00,in,1.0,pcs,,,,9C05D6798563,
773,Wifi UBIQUITI UniFi,Nhập Từ Sóng Nam ,2025-05-29 00:00:00,in,1.0,pcs,,,,9C05D6797F4B,
774,Wifi UBIQUITI UniFi,Nhập Từ Sóng Nam ,2025-05-29 00:00:00,in,1.0,pcs,,,,9C05D6797F57,
775,Wifi UBIQUITI UniFi,Nhập Từ Sóng Nam ,2025-05-29 00:00:00,in,1.0,pcs,,,,9C05D679886A,
776,Wifi UBIQUITI UniFi,Nhập Từ Sóng Nam ,2025-05-29 00:00:00,in,1.0,pcs,,,,9C05D6798618,
777,Wifi UBIQUITI UniFi,Nhập Từ Sóng Nam ,2025-05-29 00:00:00,in,1.0,pcs,,,,9C05D67986D9,
778,Wifi UBIQUITI UniFi,Nhập Từ Sóng Nam ,2025-05-29 00:00:00,in,1.0,pcs,,,,9C05D6798529,
779,Wifi UBIQUITI UniFi,Nhập Từ Sóng Nam ,2025-05-29 00:00:00,in,1.0,pcs,,,,9C05D67987ED,
780,Wifi UBIQUITI UniFi,Nhập Từ Sóng Nam ,2025-05-29 00:00:00,in,1.0,pcs,,,,9C05D679862C,
781,Wifi UBIQUITI UniFi,Nhập Từ Sóng Nam ,2025-05-29 00:00:00,in,1.0,pcs,,,,9C05D679853C,
782,Zebra TC26BK,Nhập Từ Sóng Nam ,2025-05-29 00:00:00,in,1.0,pcs,,,,241646422789,
783,Zebra TC26BK,Nhập Từ Sóng Nam ,2025-05-29 00:00:00,in,1.0,pcs,,,,2416164220532,
784,Zebra TC26BK,Nhập Từ Sóng Nam ,2025-05-29 00:00:00,in,1.0,pcs,,,,2416564220113,
785,Zebra TC26BK,Nhập Từ Sóng Nam ,2025-05-29 00:00:00,in,1.0,pcs,,,,2416164220360,
786,Zebra TC26BK,Nhập Từ Sóng Nam ,2025-05-29 00:00:00,in,1.0,pcs,,,,2416464222756,
787,Zebra TC26BK,Nhập Từ Sóng Nam ,2025-05-29 00:00:00,in,1.0,pcs,,,,2416564220341,
788,Zebra TC26BK,Nhập Từ Sóng Nam ,2025-05-29 00:00:00,in,1.0,pcs,,,,2416464222668,
789,Zebra TC26BK,Nhập Từ Sóng Nam ,2025-05-29 00:00:00,in,1.0,pcs,,,,2416464222684,
790,Zebra TC26BK,Nhập Từ Sóng Nam ,2025-05-29 00:00:00,in,1.0,pcs,,,,2416464222661,
791,Zebra TC26BK,Nhập Từ Sóng Nam ,2025-05-29 00:00:00,in,1.0,pcs,,,,2416164223427,
792,Zebra TC26BK,Nhập Từ Sóng Nam ,2025-05-29 00:00:00,in,1.0,pcs,,,,2416564220914,
793,Zebra TC26BK,Nhập Từ Sóng Nam ,2025-05-29 00:00:00,in,1.0,pcs,,,,2414464221654,
794,Zebra TC26BK,Nhập Từ Sóng Nam ,2025-05-29 00:00:00,in,1.0,pcs,,,,2416364221407,
795,Zebra TC26BK,Nhập Từ Sóng Nam ,2025-05-29 00:00:00,in,1.0,pcs,,,,2416564220005,
796,Zebra TC26BK,Nhập Từ Sóng Nam ,2025-05-29 00:00:00,in,1.0,pcs,,,,2416464222699,
797,Zebra TC26BK,Nhập Từ Sóng Nam ,2025-05-29 00:00:00,in,1.0,pcs,,,,2416464222817,
798,Fortigate-40F,VA23,2025-02-06 00:00:00,out,1.0,pcs,,,,FGT40FTK24012877,
799,Zebra TC26BK,VN09,2025-04-06 00:00:00,out,1.0,pcs,,,,24161523023427,
800,Zebra TC26BK,VN16,2025-04-06 00:00:00,out,1.0,pcs,,,,24165523020341,
801,Zebra TC26BK,VN05,2025-04-06 00:00:00,out,1.0,pcs,,,,24144523021654,
802,Zebra TC26BK,VN08,2025-04-06 00:00:00,out,1.0,pcs,,,,24161523020360,
803,Zebra TC26BK,VN12,2025-04-06 00:00:00,out,1.0,pcs,,,,24164523022817,
804,Zebra TC26BK,VN07,2025-04-06 00:00:00,out,1.0,pcs,,,,24165523020914,
805,Zebra TC26BK,VN27,2025-04-06 00:00:00,out,1.0,pcs,,,,24161523020532,
806,Zebra TC26BK, VA11,2025-04-06 00:00:00,out,1.0,pcs,,,,24164523022699,
807,Zebra TC26BK,VA03,2025-04-06 00:00:00,out,1.0,pcs,,,,24164523022789,
808,Zebra TC26BK,VA08,2025-04-06 00:00:00,out,1.0,pcs,,,,24165523020005,
809,Zebra TC26BK,VA12,2025-04-06 00:00:00,out,1.0,pcs,,,,24248523020405,
810,Zebra TC26BK,VA01,2025-04-06 00:00:00,out,1.0,pcs,,,,24164523022661,
811,Zebra TC26BK,VA05,2025-04-06 00:00:00,out,1.0,pcs,,,,24163523021407,
812,Zebra TC26BK,VA15,2025-04-06 00:00:00,out,1.0,pcs,,,,24164523022668,
813,Zebra TC26BK,VA16,2025-04-06 00:00:00,out,1.0,pcs,,,,S24144523021519,
814,Zebra TC26BK,VA13,2025-04-06 00:00:00,out,1.0,pcs,,,,24165523020013,
815,Zebra TC26BK,VA14,2025-04-06 00:00:00,out,1.0,pcs,,,,24144523021823,
816,Zebra TC26BK,VA20,2025-04-06 00:00:00,out,1.0,pcs,,,,24164523022756,
817,Bill Printer Epson TM-T82III,VI02 & VR02,16/06/2025,in,1.0,pcs,,,,TCCY011121,
818,Scanner Datalogic QW2100,VI02 & VR02,16/06/2025,in,1.0,pcs,,,,G14MA2902,
819,Laptop Hp ProBook 440 G9,Event zv25,24/6/2025,in,1.0,pcs,,,,5CD250F9PD,
820,Scanner Datalogic QW2100,Event zv25,24/6/2025,in,1.0,pcs,,,,G21E85754,
821,Epson TM-82III,Event zv25,24/6/2025,in,1.0,pcs,,,,X7B9025644,
822,Laptop Hp ProBook 440 G9,Event VN09,25/6/2025,out,1.0,pcs,,,,5CD250F9PD,
823,Scanner Datalogic QW2100,Event VN09,25/6/2025,out,1.0,pcs,,,,G21E85754,
824,Epson TM-82III,Event VN09,25/6/2025,out,1.0,pcs,,,,X7B9025644,
825,Laptop Dell Latitude 3520 ,Event VN10,25/6/2025,out,1.0,pcs,,,,5R4JGL3 ,
826,Bill Printer Epson TM-T82III ,Event VN10,25/6/2025,out,1.0,pcs,,,,X7BA004103 ,
827,Datalogic QW2100 ,Event VN10,25/6/2025,out,1.0,pcs,,,,G14MA2902 ,
828,Laptop Dell Latitude 3520,Vi02&Vr02,25/6/2025,in,1.0,pcs,,,,H4K0BG3 ,
829,Postek printer,VN22,2025-01-07 00:00:00,in,1.0,pcs,,,,I1623F0001,
830,Mercusys,VN22,2025-01-07 00:00:00,in,1.0,pcs,,,,22253D9009558,
831,Mercusys,VN22,2025-01-07 00:00:00,in,1.0,pcs,,,,22253D9009594,thíu sạc
832,A4 Printer HP LaserJet,VI03,2025-07-07 00:00:00,out,1.0,pcs,,,,VNC3K04690,
833,Desktop HP  PRO MINI 400 G9,for upgrade Win11,30/07/2025,in,1.0,pcs,,,,8CC51110Q1,
834,Desktop HP  PRO MINI 400 G9,for upgrade Win11,30/07/2025,in,1.0,pcs,,,,8CC51110SM,
835,Desktop HP  PRO MINI 400 G9,for upgrade Win11,30/07/2025,in,1.0,pcs,,,,8CC51110T7,
836,Desktop HP  PRO MINI 400 G9,for upgrade Win11,30/07/2025,in,1.0,pcs,,,,8CC51110R7,
837,Desktop HP  PRO MINI 400 G9,for upgrade Win11,30/07/2025,in,1.0,pcs,,,,8CC51110PK,
838,Desktop HP  PRO MINI 400 G9,for upgrade Win11,30/07/2025,in,1.0,pcs,,,,8CC51110T0,
839,Laptop Hp ProBook 440 G9,Event VN09 Back,31/07/2025,in,1.0,pcs,,,,5CD250F9PD,
840,Scanner Datalogic QW2100,Event VN09 Back,31/07/2025,in,1.0,pcs,,,,G21E85754,
841,Epson TM-82III,Event VN09 Back,31/07/2025,in,1.0,pcs,,,,X7B9025644,
842,Laptop Dell Latitude 3520 ,Event VN10 Back,31/07/2025,in,1.0,pcs,,,,5R4JGL3 ,
843,Bill Printer Epson TM-T82III ,Event VN10 Back,31/07/2025,in,1.0,pcs,,,,X7BA004103 ,
844,Datalogic QW2100 ,Event VN10 Back,31/07/2025,in,1.0,pcs,,,,G14MA2902 ,
845,Sim 4g,VN22 trả về (cửa hàng tự mua),2025-04-08 00:00:00,in,1.0,pcs,,,,,
846,Sim 4g,lấy của vn22 cấp cho va14,2025-04-08 00:00:00,out,1.0,pcs,,,,,
847,Laptop Hp ProBook 440 G9,VH02,2025-07-08 00:00:00,out,1.0,pcs,,,,5CD250F9PD,
848,Scanner Datalogic QW2100,VH02,2025-07-08 00:00:00,out,1.0,pcs,,,,G23C76607,
849,Epson TM-82III,VH02,2025-07-08 00:00:00,out,1.0,pcs,,,,X7BA003673,
850,Canon LBP 2900,VH02,2025-07-08 00:00:00,out,1.0,pcs,,,,NMYA834196,
851,Epson TM-82III,vn16,2025-08-08 00:00:00,out,1.0,pcs,,,,X7BA002821,
852,Ugreen Silent MU006 Wireless Mouse,Sóng nam giao,2025-08-08 00:00:00,in,1.0,pcs,,,,,
853,Ugreen Silent MU006 Wireless Mouse,Sóng nam giao,2025-08-08 00:00:00,in,1.0,pcs,,,,,
854,Ugreen Silent MU006 Wireless Mouse,Sóng nam giao,2025-08-08 00:00:00,in,1.0,pcs,,,,,
855,Ugreen Silent MU006 Wireless Mouse,Sóng nam giao,2025-08-08 00:00:00,in,1.0,pcs,,,,,
856,Ugreen Silent MU006 Wireless Mouse,Sóng nam giao,2025-08-08 00:00:00,in,1.0,pcs,,,,,
857,Ugreen Silent MU006 Wireless Mouse,,2025-08-08 00:00:00,out,1.0,pcs,,,,for Trang.taquynh,
858,Ugreen Silent MU006 Wireless Mouse,,2025-08-08 00:00:00,out,1.0,pcs,,,,for trinh.vanhuynhtu,
859,Ugreen Silent MU006 Wireless Mouse,,2025-08-08 00:00:00,out,1.0,pcs,,,,for Ngoc.nguyenduyen,
860,Ugreen Silent MU006 Wireless Mouse,,2025-08-08 00:00:00,out,1.0,pcs,,,,for danh.huynhmy,
861,Ugreen Silent MU006 Wireless Mouse,,2025-08-08 00:00:00,out,1.0,pcs,,,,for  Qui.Nguyenthi,
862,Desktop HP  PRO MINI 400 G9,Greentech giao,2025-12-08 00:00:00,in,1.0,pcs,,,,8CC3500VVD,
863,Desktop HP  PRO MINI 400 G9,,2025-12-08 00:00:00,in,1.0,pcs,,,,,
864,Desktop HP  PRO MINI 400 G9,,2025-12-08 00:00:00,in,1.0,pcs,,,,,
865,Desktop HP  PRO MINI 400 G9,,2025-12-08 00:00:00,in,1.0,pcs,,,,,
866,Desktop HP  PRO MINI 400 G9,,2025-12-08 00:00:00,in,1.0,pcs,,,,,
867,Desktop HP  PRO MINI 400 G9,Change hardware for VN16,2025-12-08 00:00:00,out,1.0,pcs,,,,8CC3500VVD,
868,Desktop HP  PRO MINI 400 G3,VN16,2025-12-08 00:00:00,in,1.0,pcs,,,,8CG8105N2C,
869,SSD 990EVO Plus 1TB,For  Nguyen Ngoc Lan Anh,2025-12-08 00:00:00,in,1.0,pcs,,,,,
870,Sim 4G,for zv36 and zv35,2025-12-08 00:00:00,in,2.0,pcs,,,,,
871,Canon LBP 2900,VN19,18/08/2025,out,1.0,pcs,,,,NMYA782038,
872,Maken MK410,For ZV34(VN03 old),20/08/2025,out,1.0,pcs,,,,MK410210300816,
873,Desktop HP  PRO MINI 400 G9,Replace for VN10,2025-08-09 00:00:00,out,1.0,pcs,,,,8CC51110PK,
874,Lenovo tab M8,Back up for VA14,2025-10-09 00:00:00,out,1.0,pcs,,,,HA1JZCBD,
875,Postek printer,Change for VA14,30/09/2025,out,1.0,pcs,,,,I1624C0003,
876,Postek printer,Recall from VA14,30/09/2025,in,1.0,pcs,,,,I1624C0018,
877,Desktop HP  PRO MINI 400 G9,Replace for Vn09,13/10/2025,out,1.0,pcs,,,,8CC51110SM,
878,Latitude 3450,for Geodis ,14/10/2025,in,1.0,pcs,,,,JTGSPB4 ,"13th Gen Intel(R) Core(TM) i5-1335U (12 CPUs), ~1.3GHz  22VN00000109"
879,Latitude 3450,for Geodis,14/10/2025,in,1.0,pcs,,,,9PKSPB4,"13th Gen Intel(R) Core(TM) i5-1335U (12 CPUs), ~1.3GHz  22VN00000110"
880,Latitude 3450,for Geodis,14/10/2025,in,1.0,pcs,,,,3XMPPB4,"13th Gen Intel(R) Core(TM) i5-1335U (12 CPUs), ~1.3GHz  22VN00000108"
881, HP Pro Tower 400 G9 PCI Desktop PC,for Geodis,14/10/2025,in,1.0,pcs,,,,4CE425CCX1,"12th Gen Intel(R) Core(TM) i5-12500 (12 CPUs), ~3.0GHz 22VN00000111"
882, HP Pro Tower 400 G9 PCI Desktop PC,for Geodis,14/10/2025,in,1.0,pcs,,,,4CE425CCX8,"12th Gen Intel(R) Core(TM) i5-12500 (12 CPUs), ~3.0GHz 22VN00000112"
883, HP Pro Tower 400 G9 PCI Desktop PC,for Geodis,14/10/2025,in,1.0,pcs,,,,4CE425CKN0,"12th Gen Intel(R) Core(TM) i5-12500 (12 CPUs), ~3.0GHz 22VN00000113"
884, HP Pro Tower 400 G9 PCI Desktop PC,for Geodis,14/10/2025,in,1.0,pcs,,,,4CE425CKP2,"12th Gen Intel(R) Core(TM) i5-12500 (12 CPUs), ~3.0GHz 22VN00000114"
885,HP P204V,for Geodis,14/10/2025,in,1.0,pcs,,,,3CQ41608RT,
886,HP P204V,for Geodis,14/10/2025,in,1.0,pcs,,,,3CQ41805TJ,
887,HP P204V,for Geodis,14/10/2025,in,1.0,pcs,,,,3CQ41608TQ,
888,HP P204V,for Geodis,14/10/2025,in,1.0,pcs,,,,3CQ41608SZ,
889,Samsung Galaxy Tab S10 FE,for Geodis,14/10/2025,in,1.0,pcs,,,,356160462079437,
890,Samsung Galaxy Tab S10 FE,for Geodis,14/10/2025,in,1.0,pcs,,,,356160462031834,
891,Laptop Hp ProBook 440 G9,ZV39,27/10/2025,out,1.0,pcs,,,,5CD3094YZR,
892,Scanner Datalogic QW2100,ZV39,27/10/2025,out,1.0,pcs,,,,G21M82741,
893,Epson TM-82III,ZV39,27/10/2025,out,1.0,pcs,,,,X7BA002838,
894,Modem 4G TP-Link M7350,ZV39,27/10/2025,out,1.0,pcs,,,,22234W2003067,
895,Samsung Galaxy Tab S10 FE ,sóng nam giao,29/10/2025,in,1.0,pcs,,,,356160462316391 ,
896,Ipad Air 13-inch(M3) ,Buy for A001,,in,1.0,pcs,,,,F7N4GGJ73G ,
897,HP Pro Mini 400 G6 -  ,For A001,2025-01-11 00:00:00,out,1.0,pcs,,,,8CC3161T0J ,
898,Poscom ,For A001,2025-01-11 00:00:00,out,1.0,pcs,,,,20201130040 ,
899,Pole Display VFD ,For A001,2025-01-11 00:00:00,out,1.0,pcs,,,,VFD220U13B2012003 ,
900,Datalogic QW2100 ,For A001,2025-01-11 00:00:00,out,1.0,pcs,,,,G21M82792 ,
901,Monitor HP V190 ,For A001,2025-01-11 00:00:00,out,1.0,pcs,,,,1CR82307C4 ,
902,Epson TM-82III ,For A001,2025-01-11 00:00:00,out,1.0,pcs,,,,X7B9022774 ,
903,Cisco CBS110-16T-EU  ,For A001,2025-01-11 00:00:00,out,1.0,pcs,,,,PSZ27181AHK ,
904,Unifi NanoHD ,For A001,2025-01-11 00:00:00,out,1.0,pcs,,,,AC8BA9548380 ,
905,Fortigate FG-40F,For A001,2025-01-11 00:00:00,out,1.0,pcs,,,,FGT40FTK2309D2D4 ,
906,HP laser 107a ,For A001,2025-01-11 00:00:00,out,1.0,pcs,,,,CNB3Q9MLY6 ,
907,Zebra TC26BK-11A222-A6 ,For A001,2025-01-11 00:00:00,out,1.0,pcs,,,,S24165523020818 ,
908,Ipad Air 13-inch(M3) ,For A001,2025-01-11 00:00:00,out,1.0,pcs,,,,F7N4GGJ73G ,
909,Star-SM-L200-UB40,For A001,2025-01-11 00:00:00,out,1.0,pcs,,,,2530022102301145 ,
910,Laptop Hp ProBook 440 G9 ,VH01,2025-07-08 00:00:00,out,1.0,pcs,,,,5CD250F9PD ,
911,Scanner Datalogic QW2100 ,VH01,2025-07-08 00:00:00,out,1.0,pcs,,,,G23C76607 ,
912,Epson TM-82III ,VH01,2025-07-08 00:00:00,out,1.0,pcs,,,,X7BA003673 ,
913,Canon LBP 2900 ,VH01,2025-07-08 00:00:00,out,1.0,pcs,,,,NMYA834196 ,
914,Laptop HP PROBOOK 440 G9 ,ZV40,19/11/2025,out,1.0,pcs,,,,5CD3094YZR ,
915,Epson TM-82III ,ZV40,19/11/2025,out,1.0,pcs,,,,X7BA002838 ,
916,TP-Link MR6400 ,ZV40,19/11/2025,out,1.0,pcs,,,,2234111003742,
917,Scanner Datalogic QW2100 ,ZV40,19/11/2025,out,1.0,pcs,,,,G20L70063 ,
918,A4 Printer HP Neverstop laser 1000w ,VN05,19/11/2025,in,1.0,pcs,,,,CNBRP8339D ,
919,A4 Printer HP Neverstop laser 1000w ,VN05,19/11/2025,out,1.0,pcs,,,,CNBRP8297B,
920,Laptop Dell Latitude 3520 ,Event VA13,19/11/2025,out,1.0,pcs,,,,3DYF7S3,
921,Epson TM-82III ,Event VA13,19/11/2025,out,1.0,pcs,,,,X7BA007405 ,
922,Scanner Datalogic QW2100 ,Event VA13,19/11/2025,out,1.0,pcs,,,,G21M82827 ,
923,Epson TM-82III ,VN05,4/11/205,out,1.0,pcs,,,,X7BA000889,
924,Ruijie RG-EW1200G Pro,for A001,30/12/2025,in,1.0,pcs,,,,ZAU82MM028440,
925,Ruijie RG-EW1200G Pro,for A002,30/12/2025,in,1.0,pcs,,,,ZAU82MM037794,
926,Samsung Tab S6,VN08 close,30/12/2025,in,1.0,pcs,,,,352294624027440,
927,Postek printer,VN08 close,30/12/2025,in,1.0,pcs,,,,I1622F0007,
928,Desktop HP  PRO MINI 400 G9,V003,12/01/2026,out,1.0,pcs,,,,8CC3500VNJ,
929,Desktop HP  PRO MINI 400 G9,V003,12/01/2026,out,1.0,pcs,,,,8CC3500VSH,
930,Switch Ubiquiti UniFi Switch 24 PoE (USW-24-PoE),V003,12/01/2026,out,1.0,pcs,,,,1C6A1B99A032,
931,Cisco CBS110-16T-EU ,V003,12/01/2026,out,1.0,pcs,,,,KWC29190Y0L,
932,Unifi-UAP-nanoHD,V003,12/01/2026,out,1.0,pcs,,,,1C6A1B1F094D,
933,Unifi-UAP-nanoHD,V003,12/01/2026,out,1.0,pcs,,,,1C6A1B1EFD41,
934,Unifi-UAP-nanoHD,V003,12/01/2026,out,1.0,pcs,,,,1C6A1B1EFB0D,
935,Zebra TC26BK,V003,12/01/2026,out,1.0,pcs,,,,352714115510901,
936,Zebra TC26BK,V003,12/01/2026,out,1.0,pcs,,,,S24165523020007,
937,Zebra TC26BK,V003,12/01/2026,out,1.0,pcs,,,,S24164523022749 ,
938,Zebra TC26BK,V003,12/01/2026,out,1.0,pcs,,,,S24144523021867,
939,Zebra TC26BK,V003,12/01/2026,out,1.0,pcs,,,,S24164523022750,
940,Star-SM-L200-UB40,V003,12/01/2026,out,1.0,pcs,,,,2534123052300532,
941,Star-SM-L200-UB40,V003,12/01/2026,out,1.0,pcs,,,,2530022102301146,
942,Samsung Galaxy Tab S10 FE 5G 8GB 128GB,V003,12/01/2026,out,1.0,pcs,,,,356160461428445,
943,"Máy in mã vạch Postek IQ200, 203dpi -Bluetooth ",V003,12/01/2026,out,1.0,pcs,,,,I1624C0004,
944,Máy tính trạm Dell Precision 3680 Tower,V003,12/01/2026,out,1.0,pcs,,,, 91DR874,
945,"Monitor HP 19,5 inch - widescreen (hdmi port)",V003,12/01/2026,out,1.0,pcs,,,,3CQ3240J7T,
946,"Monitor HP 19,5 inch - widescreen (hdmi port)",V003,12/01/2026,out,1.0,pcs,,,,3CQ2320662,
947,"Monitor HP 19,5 inch - widescreen (hdmi port)",V003,12/01/2026,out,1.0,pcs,,,,1CR82307C4,
948,Maken MK410,V003,12/01/2026,out,1.0,pcs,,,,MK410221102176,
949,Maken MK410,V003,12/01/2026,out,1.0,pcs,,,,MK410221102399,
950,Pole Display,V003,12/01/2026,out,1.0,pcs,,,,2TD311NAFS,
951,Pole Display,V003,12/01/2026,out,1.0,pcs,,,,2TD3311NAFQ,
952,Scanner Wireless DS2278,V003,12/01/2026,out,1.0,pcs,,,,S24019523702434(Scan),scan
953,Scanner Wireless DS2278,V003,12/01/2026,out,1.0,pcs,,,,S24017523702131(Dock scan),Dock scan
954,Scanner Wireless DS2278,V003,12/01/2026,out,1.0,pcs,,,,S24020523701951(Scan),scan
955,Scanner Wireless DS2278,V003,12/01/2026,out,1.0,pcs,,,,S24016523701462(Dock scan),Dock scan
956,"Printer Cashier - Thermal Star printer MCP31L, USB",V003,12/01/2026,out,1.0,pcs,,,,2530022102301140,
957,"Printer Cashier - Thermal Star printer MCP31L, USB",V003,12/01/2026,out,1.0,pcs,,,,2534123052300530,
958,A4 Printer,V003,12/01/2026,out,1.0,pcs,,,,CNB2Q9TRM8,
959,HP EngageGo10 Mobile tablet (i5 8Gb with scanner),V003,12/01/2026,out,1.0,pcs,,,,5CG3350NKD,
960,Star-SM-T300I2-DB50,V003,12/01/2026,out,1.0,pcs,,,,2560023022000020,
961,Fortigate-60F,V003,12/01/2026,out,1.0,pcs,,,,FGT60FTK23084659,
962,Zebra-Dock PDT,V003,12/01/2026,out,1.0,pcs,,,,S23069523701506,
963,UPS,V003,12/01/2026,out,1.0,pcs,,,,9B2229A23669,
964,Desktop HP  PRO MINI 400 G9,VH01,12/01/2026,out,1.0,pcs,,,,8CC51110T0,
965,Desktop HP  PRO MINI 400 G9,VH01,12/01/2026,out,1.0,pcs,,,,8CC3500VT4,
966,Maken MK410,VH01,12/01/2026,out,1.0,pcs,,,,MK410211201000,
967,Maken MK410,VH01,12/01/2026,out,1.0,pcs,,,,MK410221102371,
968,Pole Display VFD,VH01,12/01/2026,out,1.0,pcs,,,,2108112341009,
969,Pole Display VFD,VH01,12/01/2026,out,1.0,pcs,,,,VFD220U13B20120034,
970,Datalogic QW2100,VH01,12/01/2026,out,1.0,pcs,,,,G23D05705,
971,Datalogic QW2100,VH01,12/01/2026,out,1.0,pcs,,,,G23C76627,
972,"Monitor HP 19,5 inch - widescreen (hdmi port)",VH01,12/01/2026,out,1.0,pcs,,,,1CR82307C2,
973,"Monitor HP 19,5 inch - widescreen (hdmi port)",VH01,12/01/2026,out,1.0,pcs,,,,1CR82307CR,
974,"Monitor HP 19,5 inch - widescreen (hdmi port)",VH01,12/01/2026,out,1.0,pcs,,,,3CQ3240J5T,
975,Epsion T82III,VH01,12/01/2026,out,1.0,pcs,,,,X7B9025644,
976,Epsion T82III,VH01,12/01/2026,out,1.0,pcs,,,,X7B9022786,
977,Cisco CBS110-16T-EU ,VH01,12/01/2026,out,1.0,pcs,,,,KWC29190Y1G,
978,Wifi UBIQUITI UniFi,VH01,12/01/2026,out,1.0,pcs,,,,9C05D6797F57,
979,Fortigate-40F,VH01,12/01/2026,out,1.0,pcs,,,,FGT40FTK24086915,
980,Canon LBP 2900,VH01,12/01/2026,out,1.0,pcs,,,,NMYA802553,
981,Dell Precision 3680 Tower,VH01,12/01/2026,out,1.0,pcs,,,,C711P94,
982,Zebra TC26BK,VH01,12/01/2026,out,1.0,pcs,,,,S23118523021439,
983,Star-SM-L200-UB40,VH01,12/01/2026,out,1.0,pcs,,,,2530022102301150,
984,Ipad Air 13-inch(M3) ,Buy for A002,,in,1.0,pcs,,,,SK5QKJH956L,
985,Desktop HP  PRO MINI 400 G9,VN28,25/12/2025,out,1.0,pcs,,,,8CC51110R7,
986,Maken MK410,VN28,25/12/2025,out,1.0,pcs,,,,MK410221102347,
987,Pole Display VFD,VN28,25/12/2025,out,1.0,pcs,,,,211130000024,
988,Datalogic QW2100,VN28,25/12/2025,out,1.0,pcs,,,,G23C76551,
989,Monitor HP V190,VN28,25/12/2025,out,1.0,pcs,,,,1CR8420G66,
990,Epson TM-82III,VN28,25/12/2025,out,1.0,pcs,,,,X7BA004103,
991,Cisco CBS110-16T-EU ,VN28,25/12/2025,out,1.0,pcs,,,,KWC29190Y0E,
992,Wifi UBIQUITI UniFi,VN28,25/12/2025,out,1.0,pcs,,,,9C05D679A3DC,
993,Fortigate-40F,VN28,25/12/2025,out,1.0,pcs,,,, FGT40FTK24086493,
994,Canon LBP ,VN28,25/12/2025,out,1.0,pcs,,,,NMYA467073,
995,Samsung Galaxy Tab S6 Lite 4GB 64GB,VN28,25/12/2025,out,1.0,pcs,,,,352294624027473,
996,"Postek IQ200, 203dpi -Bluetooth",VN28,25/12/2025,out,1.0,pcs,,,,I1624C00019,
997,Zebra TC26BK,VN28,25/12/2025,out,1.0,pcs,,,,S23118523021190,
998,Star-SM-L200-UB40,VN28,25/12/2025,out,1.0,pcs,,,,2530022102300930,
999,Desktop HP  PRO MINI 400 G9,VA19,03/01/2026,out,1.0,pcs,,,,8CC51110Q1,
1000,Maken MK410,VA19,03/01/2026,out,1.0,pcs,,,,MK410221101694,
1001,Pole Display VFD,VA19,03/01/2026,out,1.0,pcs,,,,VFD220U13B20120033,
1002,Datalogic QW2100,VA19,03/01/2026,out,1.0,pcs,,,,G21E85754,
1003,Monitor HP V190,VA19,03/01/2026,out,1.0,pcs,,,,1CR82307CB,
1004,Epson TM-82III,VA19,03/01/2026,out,1.0,pcs,,,,X7B9023460,
1005,Cisco CBS110-16T-EU ,VA19,03/01/2026,out,1.0,pcs,,,,KWC29190Y1C,
1006,Wifi UBIQUITI UniFi,VA19,03/01/2026,out,1.0,pcs,,,,9C05D67658B6,
1007,Fortigate-40F,VA19,03/01/2026,out,1.0,pcs,,,,FGT40FTK24086985,
1008,Canon LBP 2900,VA19,03/01/2026,out,1.0,pcs,,,,NMYA802536,
1009,Samsung Galaxy Tab S10 FE 5G 8GB 128GB,VA19,03/01/2026,out,1.0,pcs,,,,356160460426515,
1010,"Postek IQ200, 203dpi -Bluetooth",VA19,03/01/2026,out,1.0,pcs,,,,I1623F0001,
1011,Zebra TC26BK,VA19,03/01/2026,out,1.0,pcs,,,,S24164523022684,
1012,Star-SM-L200-UB40,VA19,03/01/2026,out,1.0,pcs,,,,2530022102300950,
1013,Desktop HP  PRO MINI 400 G9,A002,06/02/2026,out,1.0,pcs,,,,8CC3213L46,
1014,Poscom,A002,06/02/2026,out,1.0,pcs,,,,20201130017,
1015,Pole Display VFD,A002,06/02/2026,out,1.0,pcs,,,,211130000023,
1016,Datalogic QW2100,A002,06/02/2026,out,1.0,pcs,,,,G23D05251,
1017,Monitor HP V190,A002,06/02/2026,out,1.0,pcs,,,,1CR82307CJ,
1018,Epson TM-82III,A002,06/02/2026,out,1.0,pcs,,,,X7BA004104,
1019,Cisco CBS110-16T-EU ,A002,06/02/2026,out,1.0,pcs,,,,PSZ27181D30,
1020,Wifi UBIQUITI UniFi ,A002,06/02/2026,out,1.0,pcs,,,,9C05D679853C,
1021,Fortigate-40F,A002,06/02/2026,out,1.0,pcs,,,,FGT40FTK24007310,
1022,Ruijie RG-EW1200G Pro,A002,06/02/2026,out,1.0,pcs,,,,ZAU82MM037794,
1023,Hp laserjet 107a,A002,06/02/2026,out,1.0,pcs,,,,CNB3R38327,
1024,Ipad Air 13-inch(M3) ,A002,06/02/2026,out,1.0,pcs,,,,SK5QKJH956L,
1025,Zebra TC26BK,A002,06/02/2026,out,1.0,pcs,,,,24164523022756,
1026,Star-SM-L200-UB40,A002,06/02/2026,out,1.0,pcs,,,,234123052300546,
1026,,,,,,,,,,,
1026,,,,,,,,,,,
1026,,,,,,,,,,,
1026,,,,,,,,,,,
1026,,,,,,,,,,,
1026,,,,,,,,,,,
1026,,,,,,,,,,,
1026,,,,,,,,,,,
1026,,,,,,,,,,,
1026,,,,,,,,,,,
1026,,,,,,,,,,,
1026,,,,,,,,,,,
1026,,,,,,,,,,,
1026,,,,,,,,,,,
1026,,,,,,,,,,,
1026,,,,,,,,,,,
1026,,,,,,,,,,,
1026,,,,,,,,,,,
1026,,,,,,,,,,,
1026,,,,,,,,,,,
1026,,,,,,,,,,,
1026,,,,,,,,,,,
1026,,,,,,,,,,,
1026,,,,,,,,,,,
1026,,,,,,,,,,,
1026,,,,,,,,,,,
1026,,,,,,,,,,,
1026,,,,,,,,,,,
1026,,,,,,,,,,,
1026,,,,,,,,,,,
1026,,,,,,,,,,,
1026,,,,,,,,,,,
1026,,,,,,,,,,,
1026,,,,,,,,,,,
1026,,,,,,,,,,,
1026,,,,,,,,,,,
1026,,,,,,,,,,,
1026,,,,,,,,,,,
1026,,,,,,,,,,,
1026,,,,,,,,,,,
1026,,,,,,,,,,,
1026,,,,,,,,,,,
1026,,,,,,,,,,,
1026,,,,,,,,,,,
1026,,,,,,,,,,,
1026,,,,,,,,,,,
1026,,,,,,,,,,,
1026,,,,,,,,,,,
1026,,,,,,,,,,,
1026,,,,,,,,,,,
1026,,,,,,,,,,,
1026,,,,,,,,,,,
1026,,,,,,,,,,,
1026,,,,,,,,,,,
1026,,,,,,,,,,,
1026,,,,,,,,,,,
1026,,,,,,,,,,,
1026,,,,,,,,,,,
1026,,,,,,,,,,,
1026,,,,,,,,,,,
1026,,,,,,,,,,,
1026,,,,,,,,,,,
1026,,,,,,,,,,,
1026,,,,,,,,,,,
1026,,,,,,,,,,,
1026,,,,,,,,,,,
1026,,,,,,,,,,,
1026,,,,,,,,,,,
1026,,,,,,,,,,,
1026,,,,,,,,,,,
1026,,,,,,,,,,,
1026,,,,,,,,,,,
1026,,,,,,,,,,,
1026,,,,,,,,,,,
1026,,,,,,,,,,,
1026,,,,,,,,,,,
1026,,,,,,,,,,,
1026,,,,,,,,,,,
1026,,,,,,,,,,,
1026,,,,,,,,,,,
1026,,,,,,,,,,,
1026,,,,,,,,,,,
1026,,,,,,,,,,,
1026,,,,,,,,,,,
1026,,,,,,,,,,,
1026,,,,,,,,,,,
1026,,,,,,,,,,,
1026,,,,,,,,,,,
1026,,,,,,,,,,,
1026,,,,,,,,,,,
1026,,,,,,,,,,,
1026,,,,,,,,,,,
1026,,,,,,,,,,,
1026,,,,,,,,,,,
1026,,,,,,,,,,,
1026,,,,,,,,,,,
1026,,,,,,,,,,,
1026,,,,,,,,,,,
1026,,,,,,,,,,,
1026,,,,,,,,,,,
1026,,,,,,,,,,,
1026,,,,,,,,,,,
1026,,,,,,,,,,,
1026,,,,,,,,,,,
1026,,,,,,,,,,,
1026,,,,,,,,,,,
1026,,,,,,,,,,,
1026,,,,,,,,,,,
1026,,,,,,,,,,,
1026,,,,,,,,,,,
1026,,,,,,,,,,,
1026,,,,,,,,,,,
1026,,,,,,,,,,,
1026,,,,,,,,,,,
1026,,,,,,,,,,,
1026,,,,,,,,,,,
1026,,,,,,,,,,,
1026,,,,,,,,,,,
1026,,,,,,,,,,,
1026,,,,,,,,,,,
1026,,,,,,,,,,,
1026,,,,,,,,,,,
1026,,,,,,,,,,,
1026,,,,,,,,,,,
1026,,,,,,,,,,,
1026,,,,,,,,,,,
1026,,,,,,,,,,,
1026,,,,,,,,,,,
1026,,,,,,,,,,,
1026,,,,,,,,,,,
1026,,,,,,,,,,,
1026,,,,,,,,,,,
1026,,,,,,,,,,,
1026,,,,,,,,,,,
1026,,,,,,,,,,,
1026,,,,,,,,,,,
1026,,,,,,,,,,,
1026,,,,,,,,,,,
1026,,,,,,,,,,,
1026,,,,,,,,,,,
1026,,,,,,,,,,,
1026,,,,,,,,,,,
1026,,,,,,,,,,,
1026,,,,,,,,,,,
1026,,,,,,,,,,,
1026,,,,,,,,,,,
1026,,,,,,,,,,,
1026,,,,,,,,,,,
1026,,,,,,,,,,,
1026,,,,,,,,,,,
1026,,,,,,,,,,,
1026,,,,,,,,,,,
1026,,,,,,,,,,,
1026,,,,,,,,,,,
1026,,,,,,,,,,,
1026,,,,,,,,,,,
1026,,,,,,,,,,,
1026,,,,,,,,,,,
1026,,,,,,,,,,,
1026,,,,,,,,,,,
1026,,,,,,,,,,,
1026,,,,,,,,,,,
1026,,,,,,,,,,,
1026,,,,,,,,,,,
